Id,BookLevel,GroupId,MonsterId,CardBorder,SlotImage,BeadImage,UseLargeBeadImage,CardImage,MonsterCoreItemId,RequiredQuantity,StatusIcon,EffectType,EffectType2,EffectParam,HuntType,HuntingSpotId,NameDirection
1,0,1,20181,1,1,1,1,67,470011,2,Icon_Skill_Active_10112,1,2,5,0,,0
1,1,1,20181,1,1,2,1,67,470011,2,Icon_Skill_Active_10112,1,2,10,0,,0
1,2,1,20181,1,1,3,1,67,470011,4,Icon_Skill_Active_10112,1,2,15,0,,0
1,3,1,20181,1,1,4,1,67,470011,4,Icon_Skill_Active_10112,1,2,20,0,,0
1,4,1,20181,1,1,5,1,67,470011,6,Icon_Skill_Active_10112,1,2,25,0,,0
1,5,1,20181,2,2,6,0,67,470011,6,Icon_Skill_Active_10112,1,2,30,0,,0
1,6,1,20181,2,2,7,0,67,470011,10,Icon_Skill_Active_10112,1,2,35,0,,0
1,7,1,20181,2,2,8,0,67,470011,10,Icon_Skill_Active_10112,1,2,40,0,,0
1,8,1,20181,3,3,9,0,67,470011,20,Icon_Skill_Active_10112,1,2,45,0,,0
1,9,1,20181,3,3,10,0,67,470011,20,Icon_Skill_Active_10112,1,2,50,0,,0
2,0,1,20184,1,1,1,1,67,470014,2,Icon_Skill_Passive_23251,60,166,10,0,,0
2,1,1,20184,1,1,2,1,67,470014,2,Icon_Skill_Passive_23251,60,166,20,0,,0
2,2,1,20184,1,1,3,1,67,470014,4,Icon_Skill_Passive_23251,60,166,30,0,,0
2,3,1,20184,1,1,4,1,67,470014,4,Icon_Skill_Passive_23251,60,166,40,0,,0
2,4,1,20184,1,1,5,1,67,470014,6,Icon_Skill_Passive_23251,60,166,50,0,,0
2,5,1,20184,2,2,6,0,67,470014,6,Icon_Skill_Passive_23251,60,166,60,0,,0
2,6,1,20184,2,2,7,0,67,470014,10,Icon_Skill_Passive_23251,60,166,70,0,,0
2,7,1,20184,2,2,8,0,67,470014,10,Icon_Skill_Passive_23251,60,166,80,0,,0
2,8,1,20184,3,3,9,0,67,470014,20,Icon_Skill_Passive_23251,60,166,90,0,,0
2,9,1,20184,3,3,10,0,67,470014,20,Icon_Skill_Passive_23251,60,166,100,0,,0
3,0,1,20185,1,1,1,1,67,470015,2,Icon_Skill_Passive_20232,101,166,5,0,,0
3,1,1,20185,1,1,2,1,67,470015,2,Icon_Skill_Passive_20232,101,166,10,0,,0
3,2,1,20185,1,1,3,1,67,470015,4,Icon_Skill_Passive_20232,101,166,15,0,,0
3,3,1,20185,1,1,4,1,67,470015,4,Icon_Skill_Passive_20232,101,166,20,0,,0
3,4,1,20185,1,1,5,1,67,470015,6,Icon_Skill_Passive_20232,101,166,25,0,,0
3,5,1,20185,2,2,6,0,67,470015,6,Icon_Skill_Passive_20232,101,166,30,0,,0
3,6,1,20185,2,2,7,0,67,470015,10,Icon_Skill_Passive_20232,101,166,35,0,,0
3,7,1,20185,2,2,8,0,67,470015,10,Icon_Skill_Passive_20232,101,166,40,0,,0
3,8,1,20185,3,3,9,0,67,470015,20,Icon_Skill_Passive_20232,101,166,45,0,,0
3,9,1,20185,3,3,10,0,67,470015,20,Icon_Skill_Passive_20232,101,166,50,0,,0
4,0,1,20182,1,1,1,1,68,470012,4,Icon_Skill_Unique_30001,21,22,8,0,,0
4,1,1,20182,1,1,2,1,68,470012,4,Icon_Skill_Unique_30001,21,22,16,0,,0
4,2,1,20182,1,1,3,1,68,470012,6,Icon_Skill_Unique_30001,21,22,24,0,,0
4,3,1,20182,1,1,4,1,68,470012,6,Icon_Skill_Unique_30001,21,22,32,0,,0
4,4,1,20182,1,1,5,1,68,470012,10,Icon_Skill_Unique_30001,21,22,40,0,,0
4,5,1,20182,2,2,6,0,68,470012,10,Icon_Skill_Unique_30001,21,22,48,0,,0
4,6,1,20182,2,2,7,0,68,470012,20,Icon_Skill_Unique_30001,21,22,56,0,,0
4,7,1,20182,2,2,8,0,68,470012,20,Icon_Skill_Unique_30001,21,22,64,0,,0
4,8,1,20182,3,3,9,0,68,470012,35,Icon_Skill_Unique_30001,21,22,72,0,,0
4,9,1,20182,3,3,10,0,68,470012,35,Icon_Skill_Unique_30001,21,22,80,0,,0
5,0,1,20183,1,1,1,1,68,470013,4,Icon_Skill_Passive_23211,58,166,10,0,,0
5,1,1,20183,1,1,2,1,68,470013,4,Icon_Skill_Passive_23211,58,166,20,0,,0
5,2,1,20183,1,1,3,1,68,470013,6,Icon_Skill_Passive_23211,58,166,30,0,,0
5,3,1,20183,1,1,4,1,68,470013,6,Icon_Skill_Passive_23211,58,166,40,0,,0
5,4,1,20183,1,1,5,1,68,470013,10,Icon_Skill_Passive_23211,58,166,50,0,,0
5,5,1,20183,2,2,6,0,68,470013,10,Icon_Skill_Passive_23211,58,166,60,0,,0
5,6,1,20183,2,2,7,0,68,470013,20,Icon_Skill_Passive_23211,58,166,70,0,,0
5,7,1,20183,2,2,8,0,68,470013,20,Icon_Skill_Passive_23211,58,166,80,0,,0
5,8,1,20183,3,3,9,0,68,470013,35,Icon_Skill_Passive_23211,58,166,90,0,,0
5,9,1,20183,3,3,10,0,68,470013,35,Icon_Skill_Passive_23211,58,166,100,0,,0
10,0,2,20281,1,1,1,1,67,470021,3,Icon_Skill_Passive_20233,102,166,6,0,,0
10,1,2,20281,1,1,2,1,67,470021,3,Icon_Skill_Passive_20233,102,166,12,0,,0
10,2,2,20281,1,1,3,1,67,470021,5,Icon_Skill_Passive_20233,102,166,18,0,,0
10,3,2,20281,1,1,4,1,67,470021,5,Icon_Skill_Passive_20233,102,166,24,0,,0
10,4,2,20281,1,1,5,1,67,470021,8,Icon_Skill_Passive_20233,102,166,30,0,,0
10,5,2,20281,2,2,6,0,67,470021,8,Icon_Skill_Passive_20233,102,166,36,0,,0
10,6,2,20281,2,2,7,0,67,470021,15,Icon_Skill_Passive_20233,102,166,42,0,,0
10,7,2,20281,2,2,8,0,67,470021,15,Icon_Skill_Passive_20233,102,166,48,0,,0
10,8,2,20281,3,3,9,0,67,470021,35,Icon_Skill_Passive_20233,102,166,54,0,,0
10,9,2,20281,3,3,10,0,67,470021,35,Icon_Skill_Passive_20233,102,166,60,0,,0
11,0,2,20282,1,1,1,1,67,470022,3,Icon_Skill_Passive_20234,10,166,4,0,,0
11,1,2,20282,1,1,2,1,67,470022,3,Icon_Skill_Passive_20234,10,166,8,0,,0
11,2,2,20282,1,1,3,1,67,470022,5,Icon_Skill_Passive_20234,10,166,12,0,,0
11,3,2,20282,1,1,4,1,67,470022,5,Icon_Skill_Passive_20234,10,166,16,0,,0
11,4,2,20282,1,1,5,1,67,470022,8,Icon_Skill_Passive_20234,10,166,20,0,,0
11,5,2,20282,2,2,6,0,67,470022,8,Icon_Skill_Passive_20234,10,166,24,0,,0
11,6,2,20282,2,2,7,0,67,470022,15,Icon_Skill_Passive_20234,10,166,28,0,,0
11,7,2,20282,2,2,8,0,67,470022,15,Icon_Skill_Passive_20234,10,166,32,0,,0
11,8,2,20282,3,3,9,0,67,470022,35,Icon_Skill_Passive_20234,10,166,36,0,,0
11,9,2,20282,3,3,10,0,67,470022,35,Icon_Skill_Passive_20234,10,166,40,0,,0
12,0,2,20283,1,1,1,1,67,470023,3,Icon_Skill_Passive_20235,11,166,4,0,,0
12,1,2,20283,1,1,2,1,67,470023,3,Icon_Skill_Passive_20235,11,166,8,0,,0
12,2,2,20283,1,1,3,1,67,470023,5,Icon_Skill_Passive_20235,11,166,12,0,,0
12,3,2,20283,1,1,4,1,67,470023,5,Icon_Skill_Passive_20235,11,166,16,0,,0
12,4,2,20283,1,1,5,1,67,470023,8,Icon_Skill_Passive_20235,11,166,20,0,,0
12,5,2,20283,2,2,6,0,67,470023,8,Icon_Skill_Passive_20235,11,166,24,0,,0
12,6,2,20283,2,2,7,0,67,470023,15,Icon_Skill_Passive_20235,11,166,28,0,,0
12,7,2,20283,2,2,8,0,67,470023,15,Icon_Skill_Passive_20235,11,166,32,0,,0
12,8,2,20283,3,3,9,0,67,470023,35,Icon_Skill_Passive_20235,11,166,36,0,,0
12,9,2,20283,3,3,10,0,67,470023,35,Icon_Skill_Passive_20235,11,166,40,0,,0
13,0,2,20284,1,1,1,1,68,470024,4,Icon_Skill_Passive_21251,29,166,6,0,,0
13,1,2,20284,1,1,2,1,68,470024,4,Icon_Skill_Passive_21251,29,166,12,0,,0
13,2,2,20284,1,1,3,1,68,470024,6,Icon_Skill_Passive_21251,29,166,18,0,,0
13,3,2,20284,1,1,4,1,68,470024,6,Icon_Skill_Passive_21251,29,166,24,0,,0
13,4,2,20284,1,1,5,1,68,470024,10,Icon_Skill_Passive_21251,29,166,30,0,,0
13,5,2,20284,2,2,6,0,68,470024,10,Icon_Skill_Passive_21251,29,166,36,0,,0
13,6,2,20284,2,2,7,0,68,470024,20,Icon_Skill_Passive_21251,29,166,42,0,,0
13,7,2,20284,2,2,8,0,68,470024,20,Icon_Skill_Passive_21251,29,166,48,0,,0
13,8,2,20284,3,3,9,0,68,470024,35,Icon_Skill_Passive_21251,29,166,54,0,,0
13,9,2,20284,3,3,10,0,68,470024,35,Icon_Skill_Passive_21251,29,166,60,0,,0
14,0,2,20298,1,1,1,1,70,470025,1,Icon_Skill_Passive_20231,26,166,11,0,,0
14,1,2,20298,1,1,2,1,70,470025,1,Icon_Skill_Passive_20231,26,166,22,0,,0
14,2,2,20298,1,1,3,1,70,470025,1,Icon_Skill_Passive_20231,26,166,33,0,,0
14,3,2,20298,1,1,4,1,70,470025,1,Icon_Skill_Passive_20231,26,166,44,0,,0
14,4,2,20298,1,1,5,1,70,470025,2,Icon_Skill_Passive_20231,26,166,55,0,,0
14,5,2,20298,2,2,6,0,70,470025,2,Icon_Skill_Passive_20231,26,166,66,0,,0
14,6,2,20298,2,2,7,0,70,470025,3,Icon_Skill_Passive_20231,26,166,77,0,,0
14,7,2,20298,2,2,8,0,70,470025,3,Icon_Skill_Passive_20231,26,166,88,0,,0
14,8,2,20298,3,3,9,0,70,470025,4,Icon_Skill_Passive_20231,26,166,99,0,,0
14,9,2,20298,3,3,10,0,70,470025,4,Icon_Skill_Passive_20231,26,166,110,0,,0
20,0,3,30081,1,1,1,1,69,472001,5,Icon_Skill_Active_10112,1,2,12,0,,0
20,1,3,30081,1,1,2,1,69,472001,5,Icon_Skill_Active_10112,1,2,24,0,,0
20,2,3,30081,1,1,3,1,69,472001,8,Icon_Skill_Active_10112,1,2,36,0,,0
20,3,3,30081,1,1,4,1,69,472001,8,Icon_Skill_Active_10112,1,2,48,0,,0
20,4,3,30081,1,1,5,1,69,472001,15,Icon_Skill_Active_10112,1,2,60,0,,0
20,5,3,30081,2,2,6,0,69,472001,15,Icon_Skill_Active_10112,1,2,72,0,,0
20,6,3,30081,2,2,7,0,69,472001,30,Icon_Skill_Active_10112,1,2,84,0,,0
20,7,3,30081,2,2,8,0,69,472001,30,Icon_Skill_Active_10112,1,2,96,0,,0
20,8,3,30081,3,3,9,0,69,472001,60,Icon_Skill_Active_10112,1,2,108,0,,0
20,9,3,30081,3,3,10,0,69,472001,60,Icon_Skill_Active_10112,1,2,120,0,,0
21,0,3,30082,1,1,1,1,69,472002,5,Icon_Skill_Unique_30001,21,22,13,0,,0
21,1,3,30082,1,1,2,1,69,472002,5,Icon_Skill_Unique_30001,21,22,26,0,,0
21,2,3,30082,1,1,3,1,69,472002,8,Icon_Skill_Unique_30001,21,22,39,0,,0
21,3,3,30082,1,1,4,1,69,472002,8,Icon_Skill_Unique_30001,21,22,52,0,,0
21,4,3,30082,1,1,5,1,69,472002,15,Icon_Skill_Unique_30001,21,22,65,0,,0
21,5,3,30082,2,2,6,0,69,472002,15,Icon_Skill_Unique_30001,21,22,78,0,,0
21,6,3,30082,2,2,7,0,69,472002,30,Icon_Skill_Unique_30001,21,22,91,0,,0
21,7,3,30082,2,2,8,0,69,472002,30,Icon_Skill_Unique_30001,21,22,104,0,,0
21,8,3,30082,3,3,9,0,69,472002,60,Icon_Skill_Unique_30001,21,22,117,0,,0
21,9,3,30082,3,3,10,0,69,472002,60,Icon_Skill_Unique_30001,21,22,130,0,,0
22,0,3,30083,1,1,1,1,69,472003,5,Icon_Skill_Passive_23211,58,166,20,0,,0
22,1,3,30083,1,1,2,1,69,472003,5,Icon_Skill_Passive_23211,58,166,40,0,,0
22,2,3,30083,1,1,3,1,69,472003,8,Icon_Skill_Passive_23211,58,166,60,0,,0
22,3,3,30083,1,1,4,1,69,472003,8,Icon_Skill_Passive_23211,58,166,80,0,,0
22,4,3,30083,1,1,5,1,69,472003,15,Icon_Skill_Passive_23211,58,166,100,0,,0
22,5,3,30083,2,2,6,0,69,472003,15,Icon_Skill_Passive_23211,58,166,120,0,,0
22,6,3,30083,2,2,7,0,69,472003,30,Icon_Skill_Passive_23211,58,166,140,0,,0
22,7,3,30083,2,2,8,0,69,472003,30,Icon_Skill_Passive_23211,58,166,160,0,,0
22,8,3,30083,3,3,9,0,69,472003,60,Icon_Skill_Passive_23211,58,166,180,0,,0
22,9,3,30083,3,3,10,0,69,472003,60,Icon_Skill_Passive_23211,58,166,200,0,,0
30,0,4,30181,1,1,1,1,69,472011,8,Icon_Skill_Passive_23251,60,166,20,0,,0
30,1,4,30181,1,1,2,1,69,472011,8,Icon_Skill_Passive_23251,60,166,40,0,,0
30,2,4,30181,1,1,3,1,69,472011,15,Icon_Skill_Passive_23251,60,166,60,0,,0
30,3,4,30181,1,1,4,1,69,472011,15,Icon_Skill_Passive_23251,60,166,80,0,,0
30,4,4,30181,1,1,5,1,69,472011,30,Icon_Skill_Passive_23251,60,166,100,0,,0
30,5,4,30181,2,2,6,0,69,472011,30,Icon_Skill_Passive_23251,60,166,120,0,,0
30,6,4,30181,2,2,7,0,69,472011,50,Icon_Skill_Passive_23251,60,166,140,0,,0
30,7,4,30181,2,2,8,0,69,472011,50,Icon_Skill_Passive_23251,60,166,160,0,,0
30,8,4,30181,3,3,9,0,69,472011,100,Icon_Skill_Passive_23251,60,166,180,0,,0
30,9,4,30181,3,3,10,0,69,472011,100,Icon_Skill_Passive_23251,60,166,200,0,,0
31,0,4,30182,1,1,1,1,69,472012,8,Icon_Skill_Passive_20232,101,166,11,0,,0
31,1,4,30182,1,1,2,1,69,472012,8,Icon_Skill_Passive_20232,101,166,22,0,,0
31,2,4,30182,1,1,3,1,69,472012,15,Icon_Skill_Passive_20232,101,166,33,0,,0
31,3,4,30182,1,1,4,1,69,472012,15,Icon_Skill_Passive_20232,101,166,44,0,,0
31,4,4,30182,1,1,5,1,69,472012,30,Icon_Skill_Passive_20232,101,166,55,0,,0
31,5,4,30182,2,2,6,0,69,472012,30,Icon_Skill_Passive_20232,101,166,66,0,,0
31,6,4,30182,2,2,7,0,69,472012,50,Icon_Skill_Passive_20232,101,166,77,0,,0
31,7,4,30182,2,2,8,0,69,472012,50,Icon_Skill_Passive_20232,101,166,88,0,,0
31,8,4,30182,3,3,9,0,69,472012,100,Icon_Skill_Passive_20232,101,166,99,0,,0
31,9,4,30182,3,3,10,0,69,472012,100,Icon_Skill_Passive_20232,101,166,110,0,,0
32,0,4,30183,1,1,1,1,69,472013,8,Icon_Skill_Passive_20233,102,166,13,0,,0
32,1,4,30183,1,1,2,1,69,472013,8,Icon_Skill_Passive_20233,102,166,26,0,,0
32,2,4,30183,1,1,3,1,69,472013,15,Icon_Skill_Passive_20233,102,166,39,0,,0
32,3,4,30183,1,1,4,1,69,472013,15,Icon_Skill_Passive_20233,102,166,52,0,,0
32,4,4,30183,1,1,5,1,69,472013,30,Icon_Skill_Passive_20233,102,166,65,0,,0
32,5,4,30183,2,2,6,0,69,472013,30,Icon_Skill_Passive_20233,102,166,78,0,,0
32,6,4,30183,2,2,7,0,69,472013,50,Icon_Skill_Passive_20233,102,166,91,0,,0
32,7,4,30183,2,2,8,0,69,472013,50,Icon_Skill_Passive_20233,102,166,104,0,,0
32,8,4,30183,3,3,9,0,69,472013,100,Icon_Skill_Passive_20233,102,166,117,0,,0
32,9,4,30183,3,3,10,0,69,472013,100,Icon_Skill_Passive_20233,102,166,130,0,,0
33,0,4,30184,1,1,1,1,69,472014,8,Icon_Skill_Passive_20234,10,166,13,0,,0
33,1,4,30184,1,1,2,1,69,472014,8,Icon_Skill_Passive_20234,10,166,26,0,,0
33,2,4,30184,1,1,3,1,69,472014,15,Icon_Skill_Passive_20234,10,166,39,0,,0
33,3,4,30184,1,1,4,1,69,472014,15,Icon_Skill_Passive_20234,10,166,52,0,,0
33,4,4,30184,1,1,5,1,69,472014,30,Icon_Skill_Passive_20234,10,166,65,0,,0
33,5,4,30184,2,2,6,0,69,472014,30,Icon_Skill_Passive_20234,10,166,78,0,,0
33,6,4,30184,2,2,7,0,69,472014,50,Icon_Skill_Passive_20234,10,166,91,0,,0
33,7,4,30184,2,2,8,0,69,472014,50,Icon_Skill_Passive_20234,10,166,104,0,,0
33,8,4,30184,3,3,9,0,69,472014,100,Icon_Skill_Passive_20234,10,166,117,0,,0
33,9,4,30184,3,3,10,0,69,472014,100,Icon_Skill_Passive_20234,10,166,130,0,,0
34,0,4,301001,1,1,1,1,71,472015,1,Icon_Skill_Active_10112,1,2,128,1,,0
34,1,4,301001,1,1,2,1,71,472015,1,Icon_Skill_Active_10112,1,2,256,1,,0
34,2,4,301001,1,1,3,1,71,472015,1,Icon_Skill_Active_10112,1,2,384,1,,0
34,3,4,301001,1,1,4,1,71,472015,1,Icon_Skill_Active_10112,1,2,512,1,,0
34,4,4,301001,1,1,5,1,71,472015,3,Icon_Skill_Active_10112,1,2,640,1,,0
34,5,4,301001,2,2,6,0,71,472015,3,Icon_Skill_Active_10112,1,2,768,1,,0
34,6,4,301001,2,2,7,0,71,472015,4,Icon_Skill_Active_10112,1,2,896,1,,0
34,7,4,301001,2,2,8,0,71,472015,4,Icon_Skill_Active_10112,1,2,1024,1,,0
34,8,4,301001,3,3,9,0,71,472015,6,Icon_Skill_Active_10112,1,2,1152,1,,0
34,9,4,301001,3,3,10,0,71,472015,6,Icon_Skill_Active_10112,1,2,1280,1,,0
40,0,5,20381,1,1,1,1,67,470031,5,Icon_Skill_Passive_20235,11,166,12,0,,0
40,1,5,20381,1,1,2,1,67,470031,5,Icon_Skill_Passive_20235,11,166,24,0,,0
40,2,5,20381,1,1,3,1,67,470031,8,Icon_Skill_Passive_20235,11,166,36,0,,0
40,3,5,20381,1,1,4,1,67,470031,8,Icon_Skill_Passive_20235,11,166,48,0,,0
40,4,5,20381,1,1,5,1,67,470031,15,Icon_Skill_Passive_20235,11,166,60,0,,0
40,5,5,20381,2,2,6,0,67,470031,15,Icon_Skill_Passive_20235,11,166,72,0,,0
40,6,5,20381,2,2,7,0,67,470031,25,Icon_Skill_Passive_20235,11,166,84,0,,0
40,7,5,20381,2,2,8,0,67,470031,25,Icon_Skill_Passive_20235,11,166,96,0,,0
40,8,5,20381,3,3,9,0,67,470031,50,Icon_Skill_Passive_20235,11,166,108,0,,0
40,9,5,20381,3,3,10,0,67,470031,50,Icon_Skill_Passive_20235,11,166,120,0,,0
41,0,5,20382,1,1,1,1,67,470032,5,Icon_Skill_Passive_21251,29,166,7,0,,0
41,1,5,20382,1,1,2,1,67,470032,5,Icon_Skill_Passive_21251,29,166,14,0,,0
41,2,5,20382,1,1,3,1,67,470032,8,Icon_Skill_Passive_21251,29,166,21,0,,0
41,3,5,20382,1,1,4,1,67,470032,8,Icon_Skill_Passive_21251,29,166,28,0,,0
41,4,5,20382,1,1,5,1,67,470032,15,Icon_Skill_Passive_21251,29,166,35,0,,0
41,5,5,20382,2,2,6,0,67,470032,15,Icon_Skill_Passive_21251,29,166,42,0,,0
41,6,5,20382,2,2,7,0,67,470032,25,Icon_Skill_Passive_21251,29,166,49,0,,0
41,7,5,20382,2,2,8,0,67,470032,25,Icon_Skill_Passive_21251,29,166,56,0,,0
41,8,5,20382,3,3,9,0,67,470032,50,Icon_Skill_Passive_21251,29,166,63,0,,0
41,9,5,20382,3,3,10,0,67,470032,50,Icon_Skill_Passive_21251,29,166,70,0,,0
42,0,5,20383,1,1,1,1,67,470033,5,Icon_Skill_Passive_20231,26,166,8,0,,0
42,1,5,20383,1,1,2,1,67,470033,5,Icon_Skill_Passive_20231,26,166,16,0,,0
42,2,5,20383,1,1,3,1,67,470033,8,Icon_Skill_Passive_20231,26,166,24,0,,0
42,3,5,20383,1,1,4,1,67,470033,8,Icon_Skill_Passive_20231,26,166,32,0,,0
42,4,5,20383,1,1,5,1,67,470033,15,Icon_Skill_Passive_20231,26,166,40,0,,0
42,5,5,20383,2,2,6,0,67,470033,15,Icon_Skill_Passive_20231,26,166,48,0,,0
42,6,5,20383,2,2,7,0,67,470033,25,Icon_Skill_Passive_20231,26,166,56,0,,0
42,7,5,20383,2,2,8,0,67,470033,25,Icon_Skill_Passive_20231,26,166,64,0,,0
42,8,5,20383,3,3,9,0,67,470033,50,Icon_Skill_Passive_20231,26,166,72,0,,0
42,9,5,20383,3,3,10,0,67,470033,50,Icon_Skill_Passive_20231,26,166,80,0,,0
43,0,5,20384,1,1,1,1,67,470034,5,Icon_Skill_Active_10112,1,2,11,0,,0
43,1,5,20384,1,1,2,1,67,470034,5,Icon_Skill_Active_10112,1,2,22,0,,0
43,2,5,20384,1,1,3,1,67,470034,8,Icon_Skill_Active_10112,1,2,33,0,,0
43,3,5,20384,1,1,4,1,67,470034,8,Icon_Skill_Active_10112,1,2,44,0,,0
43,4,5,20384,1,1,5,1,67,470034,15,Icon_Skill_Active_10112,1,2,55,0,,0
43,5,5,20384,2,2,6,0,67,470034,15,Icon_Skill_Active_10112,1,2,66,0,,0
43,6,5,20384,2,2,7,0,67,470034,25,Icon_Skill_Active_10112,1,2,77,0,,0
43,7,5,20384,2,2,8,0,67,470034,25,Icon_Skill_Active_10112,1,2,88,0,,0
43,8,5,20384,3,3,9,0,67,470034,50,Icon_Skill_Active_10112,1,2,99,0,,0
43,9,5,20384,3,3,10,0,67,470034,50,Icon_Skill_Active_10112,1,2,110,0,,0
44,0,5,20385,1,1,1,1,67,470035,5,Icon_Skill_Unique_30001,21,22,11,0,,0
44,1,5,20385,1,1,2,1,67,470035,5,Icon_Skill_Unique_30001,21,22,22,0,,0
44,2,5,20385,1,1,3,1,67,470035,8,Icon_Skill_Unique_30001,21,22,33,0,,0
44,3,5,20385,1,1,4,1,67,470035,8,Icon_Skill_Unique_30001,21,22,44,0,,0
44,4,5,20385,1,1,5,1,67,470035,15,Icon_Skill_Unique_30001,21,22,55,0,,0
44,5,5,20385,2,2,6,0,67,470035,15,Icon_Skill_Unique_30001,21,22,66,0,,0
44,6,5,20385,2,2,7,0,67,470035,25,Icon_Skill_Unique_30001,21,22,77,0,,0
44,7,5,20385,2,2,8,0,67,470035,25,Icon_Skill_Unique_30001,21,22,88,0,,0
44,8,5,20385,3,3,9,0,67,470035,50,Icon_Skill_Unique_30001,21,22,99,0,,0
44,9,5,20385,3,3,10,0,67,470035,50,Icon_Skill_Unique_30001,21,22,110,0,,0
45,0,5,20386,1,1,1,1,67,470036,5,Icon_Skill_Passive_23211,58,166,16,0,,0
45,1,5,20386,1,1,2,1,67,470036,5,Icon_Skill_Passive_23211,58,166,32,0,,0
45,2,5,20386,1,1,3,1,67,470036,8,Icon_Skill_Passive_23211,58,166,48,0,,0
45,3,5,20386,1,1,4,1,67,470036,8,Icon_Skill_Passive_23211,58,166,64,0,,0
45,4,5,20386,1,1,5,1,67,470036,15,Icon_Skill_Passive_23211,58,166,80,0,,0
45,5,5,20386,2,2,6,0,67,470036,15,Icon_Skill_Passive_23211,58,166,96,0,,0
45,6,5,20386,2,2,7,0,67,470036,25,Icon_Skill_Passive_23211,58,166,112,0,,0
45,7,5,20386,2,2,8,0,67,470036,25,Icon_Skill_Passive_23211,58,166,128,0,,0
45,8,5,20386,3,3,9,0,67,470036,50,Icon_Skill_Passive_23211,58,166,144,0,,0
45,9,5,20386,3,3,10,0,67,470036,50,Icon_Skill_Passive_23211,58,166,160,0,,0
46,0,5,20398,1,1,1,1,70,470037,1,Icon_Skill_Passive_23251,60,166,31,0,,0
46,1,5,20398,1,1,2,1,70,470037,1,Icon_Skill_Passive_23251,60,166,62,0,,0
46,2,5,20398,1,1,3,1,70,470037,1,Icon_Skill_Passive_23251,60,166,93,0,,0
46,3,5,20398,1,1,4,1,70,470037,1,Icon_Skill_Passive_23251,60,166,124,0,,0
46,4,5,20398,1,1,5,1,70,470037,2,Icon_Skill_Passive_23251,60,166,155,0,,0
46,5,5,20398,2,2,6,0,70,470037,2,Icon_Skill_Passive_23251,60,166,186,0,,0
46,6,5,20398,2,2,7,0,70,470037,3,Icon_Skill_Passive_23251,60,166,217,0,,0
46,7,5,20398,2,2,8,0,70,470037,3,Icon_Skill_Passive_23251,60,166,248,0,,0
46,8,5,20398,3,3,9,0,70,470037,4,Icon_Skill_Passive_23251,60,166,279,0,,0
46,9,5,20398,3,3,10,0,70,470037,4,Icon_Skill_Passive_23251,60,166,310,0,,0
50,0,6,20484,1,1,1,1,67,470044,5,Icon_Skill_Passive_20235,11,166,22,0,,0
50,1,6,20484,1,1,2,1,67,470044,5,Icon_Skill_Passive_20235,11,166,44,0,,0
50,2,6,20484,1,1,3,1,67,470044,8,Icon_Skill_Passive_20235,11,166,66,0,,0
50,3,6,20484,1,1,4,1,67,470044,8,Icon_Skill_Passive_20235,11,166,88,0,,0
50,4,6,20484,1,1,5,1,67,470044,15,Icon_Skill_Passive_20235,11,166,110,0,,0
50,5,6,20484,2,2,6,0,67,470044,15,Icon_Skill_Passive_20235,11,166,132,0,,0
50,6,6,20484,2,2,7,0,67,470044,30,Icon_Skill_Passive_20235,11,166,154,0,,0
50,7,6,20484,2,2,8,0,67,470044,30,Icon_Skill_Passive_20235,11,166,176,0,,0
50,8,6,20484,3,3,9,0,67,470044,65,Icon_Skill_Passive_20235,11,166,198,0,,0
50,9,6,20484,3,3,10,0,67,470044,65,Icon_Skill_Passive_20235,11,166,220,0,,0
51,0,6,20486,1,1,1,1,67,470046,5,Icon_Skill_Passive_20231,26,166,10,0,,0
51,1,6,20486,1,1,2,1,67,470046,5,Icon_Skill_Passive_20231,26,166,20,0,,0
51,2,6,20486,1,1,3,1,67,470046,8,Icon_Skill_Passive_20231,26,166,30,0,,0
51,3,6,20486,1,1,4,1,67,470046,8,Icon_Skill_Passive_20231,26,166,40,0,,0
51,4,6,20486,1,1,5,1,67,470046,15,Icon_Skill_Passive_20231,26,166,50,0,,0
51,5,6,20486,2,2,6,0,67,470046,15,Icon_Skill_Passive_20231,26,166,60,0,,0
51,6,6,20486,2,2,7,0,67,470046,30,Icon_Skill_Passive_20231,26,166,70,0,,0
51,7,6,20486,2,2,8,0,67,470046,30,Icon_Skill_Passive_20231,26,166,80,0,,0
51,8,6,20486,3,3,9,0,67,470046,65,Icon_Skill_Passive_20231,26,166,90,0,,0
51,9,6,20486,3,3,10,0,67,470046,65,Icon_Skill_Passive_20231,26,166,100,0,,0
52,0,6,20481,1,1,1,1,68,470041,5,Icon_Skill_Passive_20232,101,166,10,0,,0
52,1,6,20481,1,1,2,1,68,470041,5,Icon_Skill_Passive_20232,101,166,20,0,,0
52,2,6,20481,1,1,3,1,68,470041,10,Icon_Skill_Passive_20232,101,166,30,0,,0
52,3,6,20481,1,1,4,1,68,470041,10,Icon_Skill_Passive_20232,101,166,40,0,,0
52,4,6,20481,1,1,5,1,68,470041,20,Icon_Skill_Passive_20232,101,166,50,0,,0
52,5,6,20481,2,2,6,0,68,470041,20,Icon_Skill_Passive_20232,101,166,60,0,,0
52,6,6,20481,2,2,7,0,68,470041,40,Icon_Skill_Passive_20232,101,166,70,0,,0
52,7,6,20481,2,2,8,0,68,470041,40,Icon_Skill_Passive_20232,101,166,80,0,,0
52,8,6,20481,3,3,9,0,68,470041,70,Icon_Skill_Passive_20232,101,166,90,0,,0
52,9,6,20481,3,3,10,0,68,470041,70,Icon_Skill_Passive_20232,101,166,100,0,,0
53,0,6,20482,1,1,1,1,68,470042,5,Icon_Skill_Passive_20233,102,166,12,0,,0
53,1,6,20482,1,1,2,1,68,470042,5,Icon_Skill_Passive_20233,102,166,24,0,,0
53,2,6,20482,1,1,3,1,68,470042,10,Icon_Skill_Passive_20233,102,166,36,0,,0
53,3,6,20482,1,1,4,1,68,470042,10,Icon_Skill_Passive_20233,102,166,48,0,,0
53,4,6,20482,1,1,5,1,68,470042,20,Icon_Skill_Passive_20233,102,166,60,0,,0
53,5,6,20482,2,2,6,0,68,470042,20,Icon_Skill_Passive_20233,102,166,72,0,,0
53,6,6,20482,2,2,7,0,68,470042,40,Icon_Skill_Passive_20233,102,166,84,0,,0
53,7,6,20482,2,2,8,0,68,470042,40,Icon_Skill_Passive_20233,102,166,96,0,,0
53,8,6,20482,3,3,9,0,68,470042,70,Icon_Skill_Passive_20233,102,166,108,0,,0
53,9,6,20482,3,3,10,0,68,470042,70,Icon_Skill_Passive_20233,102,166,120,0,,0
54,0,6,20483,1,1,1,1,68,470043,5,Icon_Skill_Passive_20234,10,166,14,0,,0
54,1,6,20483,1,1,2,1,68,470043,5,Icon_Skill_Passive_20234,10,166,28,0,,0
54,2,6,20483,1,1,3,1,68,470043,10,Icon_Skill_Passive_20234,10,166,42,0,,0
54,3,6,20483,1,1,4,1,68,470043,10,Icon_Skill_Passive_20234,10,166,56,0,,0
54,4,6,20483,1,1,5,1,68,470043,20,Icon_Skill_Passive_20234,10,166,70,0,,0
54,5,6,20483,2,2,6,0,68,470043,20,Icon_Skill_Passive_20234,10,166,84,0,,0
54,6,6,20483,2,2,7,0,68,470043,40,Icon_Skill_Passive_20234,10,166,98,0,,0
54,7,6,20483,2,2,8,0,68,470043,40,Icon_Skill_Passive_20234,10,166,112,0,,0
54,8,6,20483,3,3,9,0,68,470043,70,Icon_Skill_Passive_20234,10,166,126,0,,0
54,9,6,20483,3,3,10,0,68,470043,70,Icon_Skill_Passive_20234,10,166,140,0,,0
55,0,6,20485,1,1,1,1,68,470045,5,Icon_Skill_Passive_21251,29,166,11,0,,0
55,1,6,20485,1,1,2,1,68,470045,5,Icon_Skill_Passive_21251,29,166,22,0,,0
55,2,6,20485,1,1,3,1,68,470045,10,Icon_Skill_Passive_21251,29,166,33,0,,0
55,3,6,20485,1,1,4,1,68,470045,10,Icon_Skill_Passive_21251,29,166,44,0,,0
55,4,6,20485,1,1,5,1,68,470045,20,Icon_Skill_Passive_21251,29,166,55,0,,0
55,5,6,20485,2,2,6,0,68,470045,20,Icon_Skill_Passive_21251,29,166,66,0,,0
55,6,6,20485,2,2,7,0,68,470045,40,Icon_Skill_Passive_21251,29,166,77,0,,0
55,7,6,20485,2,2,8,0,68,470045,40,Icon_Skill_Passive_21251,29,166,88,0,,0
55,8,6,20485,3,3,9,0,68,470045,70,Icon_Skill_Passive_21251,29,166,99,0,,0
55,9,6,20485,3,3,10,0,68,470045,70,Icon_Skill_Passive_21251,29,166,110,0,,0
56,0,6,20498,1,1,1,1,70,470047,1,Icon_Skill_Active_10112,1,2,34,0,,0
56,1,6,20498,1,1,2,1,70,470047,1,Icon_Skill_Active_10112,1,2,68,0,,0
56,2,6,20498,1,1,3,1,70,470047,1,Icon_Skill_Active_10112,1,2,102,0,,0
56,3,6,20498,1,1,4,1,70,470047,1,Icon_Skill_Active_10112,1,2,136,0,,0
56,4,6,20498,1,1,5,1,70,470047,2,Icon_Skill_Active_10112,1,2,170,0,,0
56,5,6,20498,2,2,6,0,70,470047,2,Icon_Skill_Active_10112,1,2,204,0,,0
56,6,6,20498,2,2,7,0,70,470047,3,Icon_Skill_Active_10112,1,2,238,0,,0
56,7,6,20498,2,2,8,0,70,470047,3,Icon_Skill_Active_10112,1,2,272,0,,0
56,8,6,20498,3,3,9,0,70,470047,4,Icon_Skill_Active_10112,1,2,306,0,,0
56,9,6,20498,3,3,10,0,70,470047,4,Icon_Skill_Active_10112,1,2,340,0,,0
60,0,7,20581,1,1,1,1,67,470051,5,Icon_Skill_Unique_30001,21,22,18,0,,0
60,1,7,20581,1,1,2,1,67,470051,5,Icon_Skill_Unique_30001,21,22,36,0,,0
60,2,7,20581,1,1,3,1,67,470051,12,Icon_Skill_Unique_30001,21,22,54,0,,0
60,3,7,20581,1,1,4,1,67,470051,12,Icon_Skill_Unique_30001,21,22,72,0,,0
60,4,7,20581,1,1,5,1,67,470051,25,Icon_Skill_Unique_30001,21,22,90,0,,0
60,5,7,20581,2,2,6,0,67,470051,25,Icon_Skill_Unique_30001,21,22,108,0,,0
60,6,7,20581,2,2,7,0,67,470051,45,Icon_Skill_Unique_30001,21,22,126,0,,0
60,7,7,20581,2,2,8,0,67,470051,45,Icon_Skill_Unique_30001,21,22,144,0,,0
60,8,7,20581,3,3,9,0,67,470051,90,Icon_Skill_Unique_30001,21,22,162,0,,0
60,9,7,20581,3,3,10,0,67,470051,90,Icon_Skill_Unique_30001,21,22,180,0,,0
61,0,7,20584,1,1,1,1,67,470054,5,Icon_Skill_Passive_20232,101,166,19,0,,0
61,1,7,20584,1,1,2,1,67,470054,5,Icon_Skill_Passive_20232,101,166,38,0,,0
61,2,7,20584,1,1,3,1,67,470054,12,Icon_Skill_Passive_20232,101,166,57,0,,0
61,3,7,20584,1,1,4,1,67,470054,12,Icon_Skill_Passive_20232,101,166,76,0,,0
61,4,7,20584,1,1,5,1,67,470054,25,Icon_Skill_Passive_20232,101,166,95,0,,0
61,5,7,20584,2,2,6,0,67,470054,25,Icon_Skill_Passive_20232,101,166,114,0,,0
61,6,7,20584,2,2,7,0,67,470054,45,Icon_Skill_Passive_20232,101,166,133,0,,0
61,7,7,20584,2,2,8,0,67,470054,45,Icon_Skill_Passive_20232,101,166,152,0,,0
61,8,7,20584,3,3,9,0,67,470054,90,Icon_Skill_Passive_20232,101,166,171,0,,0
61,9,7,20584,3,3,10,0,67,470054,90,Icon_Skill_Passive_20232,101,166,190,0,,0
62,0,7,20585,1,1,1,1,67,470055,5,Icon_Skill_Passive_20233,102,166,18,0,,0
62,1,7,20585,1,1,2,1,67,470055,5,Icon_Skill_Passive_20233,102,166,36,0,,0
62,2,7,20585,1,1,3,1,67,470055,12,Icon_Skill_Passive_20233,102,166,54,0,,0
62,3,7,20585,1,1,4,1,67,470055,12,Icon_Skill_Passive_20233,102,166,72,0,,0
62,4,7,20585,1,1,5,1,67,470055,25,Icon_Skill_Passive_20233,102,166,90,0,,0
62,5,7,20585,2,2,6,0,67,470055,25,Icon_Skill_Passive_20233,102,166,108,0,,0
62,6,7,20585,2,2,7,0,67,470055,45,Icon_Skill_Passive_20233,102,166,126,0,,0
62,7,7,20585,2,2,8,0,67,470055,45,Icon_Skill_Passive_20233,102,166,144,0,,0
62,8,7,20585,3,3,9,0,67,470055,90,Icon_Skill_Passive_20233,102,166,162,0,,0
62,9,7,20585,3,3,10,0,67,470055,90,Icon_Skill_Passive_20233,102,166,180,0,,0
63,0,7,20586,1,1,1,1,67,470056,5,Icon_Skill_Passive_20234,10,166,22,0,,0
63,1,7,20586,1,1,2,1,67,470056,5,Icon_Skill_Passive_20234,10,166,44,0,,0
63,2,7,20586,1,1,3,1,67,470056,12,Icon_Skill_Passive_20234,10,166,66,0,,0
63,3,7,20586,1,1,4,1,67,470056,12,Icon_Skill_Passive_20234,10,166,88,0,,0
63,4,7,20586,1,1,5,1,67,470056,25,Icon_Skill_Passive_20234,10,166,110,0,,0
63,5,7,20586,2,2,6,0,67,470056,25,Icon_Skill_Passive_20234,10,166,132,0,,0
63,6,7,20586,2,2,7,0,67,470056,45,Icon_Skill_Passive_20234,10,166,154,0,,0
63,7,7,20586,2,2,8,0,67,470056,45,Icon_Skill_Passive_20234,10,166,176,0,,0
63,8,7,20586,3,3,9,0,67,470056,90,Icon_Skill_Passive_20234,10,166,198,0,,0
63,9,7,20586,3,3,10,0,67,470056,90,Icon_Skill_Passive_20234,10,166,220,0,,0
64,0,7,20582,1,1,1,1,68,470052,8,Icon_Skill_Passive_23211,58,166,25,0,,0
64,1,7,20582,1,1,2,1,68,470052,8,Icon_Skill_Passive_23211,58,166,50,0,,0
64,2,7,20582,1,1,3,1,68,470052,15,Icon_Skill_Passive_23211,58,166,75,0,,0
64,3,7,20582,1,1,4,1,68,470052,15,Icon_Skill_Passive_23211,58,166,100,0,,0
64,4,7,20582,1,1,5,1,68,470052,30,Icon_Skill_Passive_23211,58,166,125,0,,0
64,5,7,20582,2,2,6,0,68,470052,30,Icon_Skill_Passive_23211,58,166,150,0,,0
64,6,7,20582,2,2,7,0,68,470052,55,Icon_Skill_Passive_23211,58,166,175,0,,0
64,7,7,20582,2,2,8,0,68,470052,55,Icon_Skill_Passive_23211,58,166,200,0,,0
64,8,7,20582,3,3,9,0,68,470052,110,Icon_Skill_Passive_23211,58,166,225,0,,0
64,9,7,20582,3,3,10,0,68,470052,110,Icon_Skill_Passive_23211,58,166,250,0,,0
65,0,7,20583,1,1,1,1,68,470053,8,Icon_Skill_Passive_23251,60,166,30,0,,0
65,1,7,20583,1,1,2,1,68,470053,8,Icon_Skill_Passive_23251,60,166,60,0,,0
65,2,7,20583,1,1,3,1,68,470053,15,Icon_Skill_Passive_23251,60,166,90,0,,0
65,3,7,20583,1,1,4,1,68,470053,15,Icon_Skill_Passive_23251,60,166,120,0,,0
65,4,7,20583,1,1,5,1,68,470053,30,Icon_Skill_Passive_23251,60,166,150,0,,0
65,5,7,20583,2,2,6,0,68,470053,30,Icon_Skill_Passive_23251,60,166,180,0,,0
65,6,7,20583,2,2,7,0,68,470053,55,Icon_Skill_Passive_23251,60,166,210,0,,0
65,7,7,20583,2,2,8,0,68,470053,55,Icon_Skill_Passive_23251,60,166,240,0,,0
65,8,7,20583,3,3,9,0,68,470053,110,Icon_Skill_Passive_23251,60,166,270,0,,0
65,9,7,20583,3,3,10,0,68,470053,110,Icon_Skill_Passive_23251,60,166,300,0,,0
66,0,7,20598,1,1,1,1,70,470057,1,Icon_Skill_Passive_20235,11,166,59,0,,0
66,1,7,20598,1,1,2,1,70,470057,1,Icon_Skill_Passive_20235,11,166,118,0,,0
66,2,7,20598,1,1,3,1,70,470057,1,Icon_Skill_Passive_20235,11,166,177,0,,0
66,3,7,20598,1,1,4,1,70,470057,1,Icon_Skill_Passive_20235,11,166,236,0,,0
66,4,7,20598,1,1,5,1,70,470057,2,Icon_Skill_Passive_20235,11,166,295,0,,0
66,5,7,20598,2,2,6,0,70,470057,2,Icon_Skill_Passive_20235,11,166,354,0,,0
66,6,7,20598,2,2,7,0,70,470057,3,Icon_Skill_Passive_20235,11,166,413,0,,0
66,7,7,20598,2,2,8,0,70,470057,3,Icon_Skill_Passive_20235,11,166,472,0,,0
66,8,7,20598,3,3,9,0,70,470057,4,Icon_Skill_Passive_20235,11,166,531,0,,0
66,9,7,20598,3,3,10,0,70,470057,4,Icon_Skill_Passive_20235,11,166,590,0,,0
70,0,8,20681,1,1,1,1,67,470061,5,Icon_Skill_Passive_21251,29,166,13,0,,0
70,1,8,20681,1,1,2,1,67,470061,5,Icon_Skill_Passive_21251,29,166,26,0,,0
70,2,8,20681,1,1,3,1,67,470061,12,Icon_Skill_Passive_21251,29,166,39,0,,0
70,3,8,20681,1,1,4,1,67,470061,12,Icon_Skill_Passive_21251,29,166,52,0,,0
70,4,8,20681,1,1,5,1,67,470061,25,Icon_Skill_Passive_21251,29,166,65,0,,0
70,5,8,20681,2,2,6,0,67,470061,25,Icon_Skill_Passive_21251,29,166,78,0,,0
70,6,8,20681,2,2,7,0,67,470061,40,Icon_Skill_Passive_21251,29,166,91,0,,0
70,7,8,20681,2,2,8,0,67,470061,40,Icon_Skill_Passive_21251,29,166,104,0,,0
70,8,8,20681,3,3,9,0,67,470061,80,Icon_Skill_Passive_21251,29,166,117,0,,0
70,9,8,20681,3,3,10,0,67,470061,80,Icon_Skill_Passive_21251,29,166,130,0,,0
71,0,8,20682,1,1,1,1,68,470062,8,Icon_Skill_Passive_20231,26,166,15,0,,0
71,1,8,20682,1,1,2,1,68,470062,8,Icon_Skill_Passive_20231,26,166,30,0,,0
71,2,8,20682,1,1,3,1,68,470062,15,Icon_Skill_Passive_20231,26,166,45,0,,0
71,3,8,20682,1,1,4,1,68,470062,15,Icon_Skill_Passive_20231,26,166,60,0,,0
71,4,8,20682,1,1,5,1,68,470062,25,Icon_Skill_Passive_20231,26,166,75,0,,0
71,5,8,20682,2,2,6,0,68,470062,25,Icon_Skill_Passive_20231,26,166,90,0,,0
71,6,8,20682,2,2,7,0,68,470062,50,Icon_Skill_Passive_20231,26,166,105,0,,0
71,7,8,20682,2,2,8,0,68,470062,50,Icon_Skill_Passive_20231,26,166,120,0,,0
71,8,8,20682,3,3,9,0,68,470062,100,Icon_Skill_Passive_20231,26,166,135,0,,0
71,9,8,20682,3,3,10,0,68,470062,100,Icon_Skill_Passive_20231,26,166,150,0,,0
72,0,8,20683,1,1,1,1,68,470063,8,Icon_Skill_Active_10112,1,2,26,0,,0
72,1,8,20683,1,1,2,1,68,470063,8,Icon_Skill_Active_10112,1,2,52,0,,0
72,2,8,20683,1,1,3,1,68,470063,15,Icon_Skill_Active_10112,1,2,78,0,,0
72,3,8,20683,1,1,4,1,68,470063,15,Icon_Skill_Active_10112,1,2,104,0,,0
72,4,8,20683,1,1,5,1,68,470063,25,Icon_Skill_Active_10112,1,2,130,0,,0
72,5,8,20683,2,2,6,0,68,470063,25,Icon_Skill_Active_10112,1,2,156,0,,0
72,6,8,20683,2,2,7,0,68,470063,50,Icon_Skill_Active_10112,1,2,182,0,,0
72,7,8,20683,2,2,8,0,68,470063,50,Icon_Skill_Active_10112,1,2,208,0,,0
72,8,8,20683,3,3,9,0,68,470063,100,Icon_Skill_Active_10112,1,2,234,0,,0
72,9,8,20683,3,3,10,0,68,470063,100,Icon_Skill_Active_10112,1,2,260,0,,0
73,0,8,20684,1,1,1,1,68,470064,8,Icon_Skill_Unique_30001,21,22,23,0,,0
73,1,8,20684,1,1,2,1,68,470064,8,Icon_Skill_Unique_30001,21,22,46,0,,0
73,2,8,20684,1,1,3,1,68,470064,15,Icon_Skill_Unique_30001,21,22,69,0,,0
73,3,8,20684,1,1,4,1,68,470064,15,Icon_Skill_Unique_30001,21,22,92,0,,0
73,4,8,20684,1,1,5,1,68,470064,25,Icon_Skill_Unique_30001,21,22,115,0,,0
73,5,8,20684,2,2,6,0,68,470064,25,Icon_Skill_Unique_30001,21,22,138,0,,0
73,6,8,20684,2,2,7,0,68,470064,50,Icon_Skill_Unique_30001,21,22,161,0,,0
73,7,8,20684,2,2,8,0,68,470064,50,Icon_Skill_Unique_30001,21,22,184,0,,0
73,8,8,20684,3,3,9,0,68,470064,100,Icon_Skill_Unique_30001,21,22,207,0,,0
73,9,8,20684,3,3,10,0,68,470064,100,Icon_Skill_Unique_30001,21,22,230,0,,0
74,0,8,20685,1,1,1,1,68,470065,8,Icon_Skill_Passive_23211,58,166,37,0,,0
74,1,8,20685,1,1,2,1,68,470065,8,Icon_Skill_Passive_23211,58,166,74,0,,0
74,2,8,20685,1,1,3,1,68,470065,15,Icon_Skill_Passive_23211,58,166,111,0,,0
74,3,8,20685,1,1,4,1,68,470065,15,Icon_Skill_Passive_23211,58,166,148,0,,0
74,4,8,20685,1,1,5,1,68,470065,25,Icon_Skill_Passive_23211,58,166,185,0,,0
74,5,8,20685,2,2,6,0,68,470065,25,Icon_Skill_Passive_23211,58,166,222,0,,0
74,6,8,20685,2,2,7,0,68,470065,50,Icon_Skill_Passive_23211,58,166,259,0,,0
74,7,8,20685,2,2,8,0,68,470065,50,Icon_Skill_Passive_23211,58,166,296,0,,0
74,8,8,20685,3,3,9,0,68,470065,100,Icon_Skill_Passive_23211,58,166,333,0,,0
74,9,8,20685,3,3,10,0,68,470065,100,Icon_Skill_Passive_23211,58,166,370,0,,0
75,0,8,20686,1,1,1,1,68,470066,8,Icon_Skill_Passive_23251,60,166,39,0,,0
75,1,8,20686,1,1,2,1,68,470066,8,Icon_Skill_Passive_23251,60,166,78,0,,0
75,2,8,20686,1,1,3,1,68,470066,15,Icon_Skill_Passive_23251,60,166,117,0,,0
75,3,8,20686,1,1,4,1,68,470066,15,Icon_Skill_Passive_23251,60,166,156,0,,0
75,4,8,20686,1,1,5,1,68,470066,25,Icon_Skill_Passive_23251,60,166,195,0,,0
75,5,8,20686,2,2,6,0,68,470066,25,Icon_Skill_Passive_23251,60,166,234,0,,0
75,6,8,20686,2,2,7,0,68,470066,50,Icon_Skill_Passive_23251,60,166,273,0,,0
75,7,8,20686,2,2,8,0,68,470066,50,Icon_Skill_Passive_23251,60,166,312,0,,0
75,8,8,20686,3,3,9,0,68,470066,100,Icon_Skill_Passive_23251,60,166,351,0,,0
75,9,8,20686,3,3,10,0,68,470066,100,Icon_Skill_Passive_23251,60,166,390,0,,0
76,0,8,20687,1,1,1,1,68,470067,8,Icon_Skill_Passive_20232,101,166,21,0,,0
76,1,8,20687,1,1,2,1,68,470067,8,Icon_Skill_Passive_20232,101,166,42,0,,0
76,2,8,20687,1,1,3,1,68,470067,15,Icon_Skill_Passive_20232,101,166,63,0,,0
76,3,8,20687,1,1,4,1,68,470067,15,Icon_Skill_Passive_20232,101,166,84,0,,0
76,4,8,20687,1,1,5,1,68,470067,25,Icon_Skill_Passive_20232,101,166,105,0,,0
76,5,8,20687,2,2,6,0,68,470067,25,Icon_Skill_Passive_20232,101,166,126,0,,0
76,6,8,20687,2,2,7,0,68,470067,50,Icon_Skill_Passive_20232,101,166,147,0,,0
76,7,8,20687,2,2,8,0,68,470067,50,Icon_Skill_Passive_20232,101,166,168,0,,0
76,8,8,20687,3,3,9,0,68,470067,100,Icon_Skill_Passive_20232,101,166,189,0,,0
76,9,8,20687,3,3,10,0,68,470067,100,Icon_Skill_Passive_20232,101,166,210,0,,0
77,0,8,20698,1,1,1,1,70,470068,1,Icon_Skill_Passive_20233,102,166,52,0,,0
77,1,8,20698,1,1,2,1,70,470068,1,Icon_Skill_Passive_20233,102,166,104,0,,0
77,2,8,20698,1,1,3,1,70,470068,1,Icon_Skill_Passive_20233,102,166,156,0,,0
77,3,8,20698,1,1,4,1,70,470068,1,Icon_Skill_Passive_20233,102,166,208,0,,0
77,4,8,20698,1,1,5,1,70,470068,2,Icon_Skill_Passive_20233,102,166,260,0,,0
77,5,8,20698,2,2,6,0,70,470068,2,Icon_Skill_Passive_20233,102,166,312,0,,0
77,6,8,20698,2,2,7,0,70,470068,3,Icon_Skill_Passive_20233,102,166,364,0,,0
77,7,8,20698,2,2,8,0,70,470068,3,Icon_Skill_Passive_20233,102,166,416,0,,0
77,8,8,20698,3,3,9,0,70,470068,4,Icon_Skill_Passive_20233,102,166,468,0,,0
77,9,8,20698,3,3,10,0,70,470068,4,Icon_Skill_Passive_20233,102,166,520,0,,0
80,0,9,30281,1,1,1,1,69,472021,8,Icon_Skill_Passive_20234,10,166,42,0,,0
80,1,9,30281,1,1,2,1,69,472021,8,Icon_Skill_Passive_20234,10,166,84,0,,0
80,2,9,30281,1,1,3,1,69,472021,20,Icon_Skill_Passive_20234,10,166,126,0,,0
80,3,9,30281,1,1,4,1,69,472021,20,Icon_Skill_Passive_20234,10,166,168,0,,0
80,4,9,30281,1,1,5,1,69,472021,35,Icon_Skill_Passive_20234,10,166,210,0,,0
80,5,9,30281,2,2,6,0,69,472021,35,Icon_Skill_Passive_20234,10,166,252,0,,0
80,6,9,30281,2,2,7,0,69,472021,60,Icon_Skill_Passive_20234,10,166,294,0,,0
80,7,9,30281,2,2,8,0,69,472021,60,Icon_Skill_Passive_20234,10,166,336,0,,0
80,8,9,30281,3,3,9,0,69,472021,120,Icon_Skill_Passive_20234,10,166,378,0,,0
80,9,9,30281,3,3,10,0,69,472021,120,Icon_Skill_Passive_20234,10,166,420,0,,0
81,0,9,30282,1,1,1,1,69,472022,8,Icon_Skill_Passive_20235,11,166,47,0,,0
81,1,9,30282,1,1,2,1,69,472022,8,Icon_Skill_Passive_20235,11,166,94,0,,0
81,2,9,30282,1,1,3,1,69,472022,20,Icon_Skill_Passive_20235,11,166,141,0,,0
81,3,9,30282,1,1,4,1,69,472022,20,Icon_Skill_Passive_20235,11,166,188,0,,0
81,4,9,30282,1,1,5,1,69,472022,35,Icon_Skill_Passive_20235,11,166,235,0,,0
81,5,9,30282,2,2,6,0,69,472022,35,Icon_Skill_Passive_20235,11,166,282,0,,0
81,6,9,30282,2,2,7,0,69,472022,60,Icon_Skill_Passive_20235,11,166,329,0,,0
81,7,9,30282,2,2,8,0,69,472022,60,Icon_Skill_Passive_20235,11,166,376,0,,0
81,8,9,30282,3,3,9,0,69,472022,120,Icon_Skill_Passive_20235,11,166,423,0,,0
81,9,9,30282,3,3,10,0,69,472022,120,Icon_Skill_Passive_20235,11,166,470,0,,0
82,0,10,30381,1,1,1,1,69,472031,10,Icon_Skill_Passive_21251,29,166,27,0,,0
82,1,10,30381,1,1,2,1,69,472031,10,Icon_Skill_Passive_21251,29,166,54,0,,0
82,2,10,30381,1,1,3,1,69,472031,25,Icon_Skill_Passive_21251,29,166,81,0,,0
82,3,10,30381,1,1,4,1,69,472031,25,Icon_Skill_Passive_21251,29,166,108,0,,0
82,4,10,30381,1,1,5,1,69,472031,50,Icon_Skill_Passive_21251,29,166,135,0,,0
82,5,10,30381,2,2,6,0,69,472031,50,Icon_Skill_Passive_21251,29,166,162,0,,0
82,6,10,30381,2,2,7,0,69,472031,90,Icon_Skill_Passive_21251,29,166,189,0,,0
82,7,10,30381,2,2,8,0,69,472031,90,Icon_Skill_Passive_21251,29,166,216,0,,0
82,8,10,30381,3,3,9,0,69,472031,150,Icon_Skill_Passive_21251,29,166,243,0,,0
82,9,10,30381,3,3,10,0,69,472031,150,Icon_Skill_Passive_21251,29,166,270,0,,0
83,0,10,30382,1,1,1,1,69,472032,10,Icon_Skill_Passive_20231,26,166,28,0,,0
83,1,10,30382,1,1,2,1,69,472032,10,Icon_Skill_Passive_20231,26,166,56,0,,0
83,2,10,30382,1,1,3,1,69,472032,25,Icon_Skill_Passive_20231,26,166,84,0,,0
83,3,10,30382,1,1,4,1,69,472032,25,Icon_Skill_Passive_20231,26,166,112,0,,0
83,4,10,30382,1,1,5,1,69,472032,50,Icon_Skill_Passive_20231,26,166,140,0,,0
83,5,10,30382,2,2,6,0,69,472032,50,Icon_Skill_Passive_20231,26,166,168,0,,0
83,6,10,30382,2,2,7,0,69,472032,90,Icon_Skill_Passive_20231,26,166,196,0,,0
83,7,10,30382,2,2,8,0,69,472032,90,Icon_Skill_Passive_20231,26,166,224,0,,0
83,8,10,30382,3,3,9,0,69,472032,150,Icon_Skill_Passive_20231,26,166,252,0,,0
83,9,10,30382,3,3,10,0,69,472032,150,Icon_Skill_Passive_20231,26,166,280,0,,0
84,0,10,300001,1,1,1,1,71,472033,1,Icon_Skill_Unique_30001,21,22,128,1,,0
84,1,10,300001,1,1,2,1,71,472033,1,Icon_Skill_Unique_30001,21,22,256,1,,0
84,2,10,300001,1,1,3,1,71,472033,1,Icon_Skill_Unique_30001,21,22,384,1,,0
84,3,10,300001,1,1,4,1,71,472033,1,Icon_Skill_Unique_30001,21,22,512,1,,0
84,4,10,300001,1,1,5,1,71,472033,3,Icon_Skill_Unique_30001,21,22,640,1,,0
84,5,10,300001,2,2,6,0,71,472033,3,Icon_Skill_Unique_30001,21,22,768,1,,0
84,6,10,300001,2,2,7,0,71,472033,4,Icon_Skill_Unique_30001,21,22,896,1,,0
84,7,10,300001,2,2,8,0,71,472033,4,Icon_Skill_Unique_30001,21,22,1024,1,,0
84,8,10,300001,3,3,9,0,71,472033,6,Icon_Skill_Unique_30001,21,22,1152,1,,0
84,9,10,300001,3,3,10,0,71,472033,6,Icon_Skill_Unique_30001,21,22,1280,1,,0
90,0,11,20781,1,1,1,1,67,470071,8,Icon_Skill_Active_10112,1,2,27,0,,0
90,1,11,20781,1,1,2,1,67,470071,8,Icon_Skill_Active_10112,1,2,54,0,,0
90,2,11,20781,1,1,3,1,67,470071,20,Icon_Skill_Active_10112,1,2,81,0,,0
90,3,11,20781,1,1,4,1,67,470071,20,Icon_Skill_Active_10112,1,2,108,0,,0
90,4,11,20781,1,1,5,1,67,470071,40,Icon_Skill_Active_10112,1,2,135,0,,0
90,5,11,20781,2,2,6,0,67,470071,40,Icon_Skill_Active_10112,1,2,162,0,,0
90,6,11,20781,2,2,7,0,67,470071,70,Icon_Skill_Active_10112,1,2,189,0,,0
90,7,11,20781,2,2,8,0,67,470071,70,Icon_Skill_Active_10112,1,2,216,0,,0
90,8,11,20781,3,3,9,0,67,470071,140,Icon_Skill_Active_10112,1,2,243,0,,0
90,9,11,20781,3,3,10,0,67,470071,140,Icon_Skill_Active_10112,1,2,270,0,,0
91,0,11,20782,1,1,1,1,67,470072,8,Icon_Skill_Unique_30001,21,22,32,0,,0
91,1,11,20782,1,1,2,1,67,470072,8,Icon_Skill_Unique_30001,21,22,64,0,,0
91,2,11,20782,1,1,3,1,67,470072,20,Icon_Skill_Unique_30001,21,22,96,0,,0
91,3,11,20782,1,1,4,1,67,470072,20,Icon_Skill_Unique_30001,21,22,128,0,,0
91,4,11,20782,1,1,5,1,67,470072,40,Icon_Skill_Unique_30001,21,22,160,0,,0
91,5,11,20782,2,2,6,0,67,470072,40,Icon_Skill_Unique_30001,21,22,192,0,,0
91,6,11,20782,2,2,7,0,67,470072,70,Icon_Skill_Unique_30001,21,22,224,0,,0
91,7,11,20782,2,2,8,0,67,470072,70,Icon_Skill_Unique_30001,21,22,256,0,,0
91,8,11,20782,3,3,9,0,67,470072,140,Icon_Skill_Unique_30001,21,22,288,0,,0
91,9,11,20782,3,3,10,0,67,470072,140,Icon_Skill_Unique_30001,21,22,320,0,,0
92,0,11,20783,1,1,1,1,67,470073,8,Icon_Skill_Passive_23211,58,166,45,0,,0
92,1,11,20783,1,1,2,1,67,470073,8,Icon_Skill_Passive_23211,58,166,90,0,,0
92,2,11,20783,1,1,3,1,67,470073,20,Icon_Skill_Passive_23211,58,166,135,0,,0
92,3,11,20783,1,1,4,1,67,470073,20,Icon_Skill_Passive_23211,58,166,180,0,,0
92,4,11,20783,1,1,5,1,67,470073,40,Icon_Skill_Passive_23211,58,166,225,0,,0
92,5,11,20783,2,2,6,0,67,470073,40,Icon_Skill_Passive_23211,58,166,270,0,,0
92,6,11,20783,2,2,7,0,67,470073,70,Icon_Skill_Passive_23211,58,166,315,0,,0
92,7,11,20783,2,2,8,0,67,470073,70,Icon_Skill_Passive_23211,58,166,360,0,,0
92,8,11,20783,3,3,9,0,67,470073,140,Icon_Skill_Passive_23211,58,166,405,0,,0
92,9,11,20783,3,3,10,0,67,470073,140,Icon_Skill_Passive_23211,58,166,450,0,,0
93,0,11,20784,1,1,1,1,68,470074,8,Icon_Skill_Passive_23251,60,166,39,0,,0
93,1,11,20784,1,1,2,1,68,470074,8,Icon_Skill_Passive_23251,60,166,78,0,,0
93,2,11,20784,1,1,3,1,68,470074,15,Icon_Skill_Passive_23251,60,166,117,0,,0
93,3,11,20784,1,1,4,1,68,470074,15,Icon_Skill_Passive_23251,60,166,156,0,,0
93,4,11,20784,1,1,5,1,68,470074,30,Icon_Skill_Passive_23251,60,166,195,0,,0
93,5,11,20784,2,2,6,0,68,470074,30,Icon_Skill_Passive_23251,60,166,234,0,,0
93,6,11,20784,2,2,7,0,68,470074,60,Icon_Skill_Passive_23251,60,166,273,0,,0
93,7,11,20784,2,2,8,0,68,470074,60,Icon_Skill_Passive_23251,60,166,312,0,,0
93,8,11,20784,3,3,9,0,68,470074,120,Icon_Skill_Passive_23251,60,166,351,0,,0
93,9,11,20784,3,3,10,0,68,470074,120,Icon_Skill_Passive_23251,60,166,390,0,,0
94,0,11,20785,1,1,1,1,68,470075,8,Icon_Skill_Passive_20232,101,166,29,0,,0
94,1,11,20785,1,1,2,1,68,470075,8,Icon_Skill_Passive_20232,101,166,58,0,,0
94,2,11,20785,1,1,3,1,68,470075,15,Icon_Skill_Passive_20232,101,166,87,0,,0
94,3,11,20785,1,1,4,1,68,470075,15,Icon_Skill_Passive_20232,101,166,116,0,,0
94,4,11,20785,1,1,5,1,68,470075,30,Icon_Skill_Passive_20232,101,166,145,0,,0
94,5,11,20785,2,2,6,0,68,470075,30,Icon_Skill_Passive_20232,101,166,174,0,,0
94,6,11,20785,2,2,7,0,68,470075,60,Icon_Skill_Passive_20232,101,166,203,0,,0
94,7,11,20785,2,2,8,0,68,470075,60,Icon_Skill_Passive_20232,101,166,232,0,,0
94,8,11,20785,3,3,9,0,68,470075,120,Icon_Skill_Passive_20232,101,166,261,0,,0
94,9,11,20785,3,3,10,0,68,470075,120,Icon_Skill_Passive_20232,101,166,290,0,,0
95,0,11,20786,1,1,1,1,68,470076,8,Icon_Skill_Passive_20233,102,166,32,0,,0
95,1,11,20786,1,1,2,1,68,470076,8,Icon_Skill_Passive_20233,102,166,64,0,,0
95,2,11,20786,1,1,3,1,68,470076,15,Icon_Skill_Passive_20233,102,166,96,0,,0
95,3,11,20786,1,1,4,1,68,470076,15,Icon_Skill_Passive_20233,102,166,128,0,,0
95,4,11,20786,1,1,5,1,68,470076,30,Icon_Skill_Passive_20233,102,166,160,0,,0
95,5,11,20786,2,2,6,0,68,470076,30,Icon_Skill_Passive_20233,102,166,192,0,,0
95,6,11,20786,2,2,7,0,68,470076,60,Icon_Skill_Passive_20233,102,166,224,0,,0
95,7,11,20786,2,2,8,0,68,470076,60,Icon_Skill_Passive_20233,102,166,256,0,,0
95,8,11,20786,3,3,9,0,68,470076,120,Icon_Skill_Passive_20233,102,166,288,0,,0
95,9,11,20786,3,3,10,0,68,470076,120,Icon_Skill_Passive_20233,102,166,320,0,,0
96,0,11,20787,1,1,1,1,68,470077,8,Icon_Skill_Passive_20234,10,166,33,0,,0
96,1,11,20787,1,1,2,1,68,470077,8,Icon_Skill_Passive_20234,10,166,66,0,,0
96,2,11,20787,1,1,3,1,68,470077,15,Icon_Skill_Passive_20234,10,166,99,0,,0
96,3,11,20787,1,1,4,1,68,470077,15,Icon_Skill_Passive_20234,10,166,132,0,,0
96,4,11,20787,1,1,5,1,68,470077,30,Icon_Skill_Passive_20234,10,166,165,0,,0
96,5,11,20787,2,2,6,0,68,470077,30,Icon_Skill_Passive_20234,10,166,198,0,,0
96,6,11,20787,2,2,7,0,68,470077,60,Icon_Skill_Passive_20234,10,166,231,0,,0
96,7,11,20787,2,2,8,0,68,470077,60,Icon_Skill_Passive_20234,10,166,264,0,,0
96,8,11,20787,3,3,9,0,68,470077,120,Icon_Skill_Passive_20234,10,166,297,0,,0
96,9,11,20787,3,3,10,0,68,470077,120,Icon_Skill_Passive_20234,10,166,330,0,,0
97,0,11,20798,1,1,1,1,70,470078,1,Icon_Skill_Passive_20235,11,166,85,0,,0
97,1,11,20798,1,1,2,1,70,470078,1,Icon_Skill_Passive_20235,11,166,170,0,,0
97,2,11,20798,1,1,3,1,70,470078,1,Icon_Skill_Passive_20235,11,166,255,0,,0
97,3,11,20798,1,1,4,1,70,470078,1,Icon_Skill_Passive_20235,11,166,340,0,,0
97,4,11,20798,1,1,5,1,70,470078,2,Icon_Skill_Passive_20235,11,166,425,0,,0
97,5,11,20798,2,2,6,0,70,470078,2,Icon_Skill_Passive_20235,11,166,510,0,,0
97,6,11,20798,2,2,7,0,70,470078,3,Icon_Skill_Passive_20235,11,166,595,0,,0
97,7,11,20798,2,2,8,0,70,470078,3,Icon_Skill_Passive_20235,11,166,680,0,,0
97,8,11,20798,3,3,9,0,70,470078,4,Icon_Skill_Passive_20235,11,166,765,0,,0
97,9,11,20798,3,3,10,0,70,470078,4,Icon_Skill_Passive_20235,11,166,850,0,,0
100,0,12,20881,1,1,1,1,67,470081,10,Icon_Skill_Passive_21251,29,166,22,0,,0
100,1,12,20881,1,1,2,1,67,470081,10,Icon_Skill_Passive_21251,29,166,44,0,,0
100,2,12,20881,1,1,3,1,67,470081,25,Icon_Skill_Passive_21251,29,166,66,0,,0
100,3,12,20881,1,1,4,1,67,470081,25,Icon_Skill_Passive_21251,29,166,88,0,,0
100,4,12,20881,1,1,5,1,67,470081,50,Icon_Skill_Passive_21251,29,166,110,0,,0
100,5,12,20881,2,2,6,0,67,470081,50,Icon_Skill_Passive_21251,29,166,132,0,,0
100,6,12,20881,2,2,7,0,67,470081,90,Icon_Skill_Passive_21251,29,166,154,0,,0
100,7,12,20881,2,2,8,0,67,470081,90,Icon_Skill_Passive_21251,29,166,176,0,,0
100,8,12,20881,3,3,9,0,67,470081,160,Icon_Skill_Passive_21251,29,166,198,0,,0
100,9,12,20881,3,3,10,0,67,470081,160,Icon_Skill_Passive_21251,29,166,220,0,,0
101,0,12,20882,1,1,1,1,67,470082,10,Icon_Skill_Passive_20231,26,166,22,0,,0
101,1,12,20882,1,1,2,1,67,470082,10,Icon_Skill_Passive_20231,26,166,44,0,,0
101,2,12,20882,1,1,3,1,67,470082,25,Icon_Skill_Passive_20231,26,166,66,0,,0
101,3,12,20882,1,1,4,1,67,470082,25,Icon_Skill_Passive_20231,26,166,88,0,,0
101,4,12,20882,1,1,5,1,67,470082,50,Icon_Skill_Passive_20231,26,166,110,0,,0
101,5,12,20882,2,2,6,0,67,470082,50,Icon_Skill_Passive_20231,26,166,132,0,,0
101,6,12,20882,2,2,7,0,67,470082,90,Icon_Skill_Passive_20231,26,166,154,0,,0
101,7,12,20882,2,2,8,0,67,470082,90,Icon_Skill_Passive_20231,26,166,176,0,,0
101,8,12,20882,3,3,9,0,67,470082,160,Icon_Skill_Passive_20231,26,166,198,0,,0
101,9,12,20882,3,3,10,0,67,470082,160,Icon_Skill_Passive_20231,26,166,220,0,,0
102,0,12,20883,1,1,1,1,67,470083,10,Icon_Skill_Active_10112,1,2,36,0,,0
102,1,12,20883,1,1,2,1,67,470083,10,Icon_Skill_Active_10112,1,2,72,0,,0
102,2,12,20883,1,1,3,1,67,470083,25,Icon_Skill_Active_10112,1,2,108,0,,0
102,3,12,20883,1,1,4,1,67,470083,25,Icon_Skill_Active_10112,1,2,144,0,,0
102,4,12,20883,1,1,5,1,67,470083,50,Icon_Skill_Active_10112,1,2,180,0,,0
102,5,12,20883,2,2,6,0,67,470083,50,Icon_Skill_Active_10112,1,2,216,0,,0
102,6,12,20883,2,2,7,0,67,470083,90,Icon_Skill_Active_10112,1,2,252,0,,0
102,7,12,20883,2,2,8,0,67,470083,90,Icon_Skill_Active_10112,1,2,288,0,,0
102,8,12,20883,3,3,9,0,67,470083,160,Icon_Skill_Active_10112,1,2,324,0,,0
102,9,12,20883,3,3,10,0,67,470083,160,Icon_Skill_Active_10112,1,2,360,0,,0
103,0,12,20884,1,1,1,1,67,470084,10,Icon_Skill_Unique_30001,21,22,38,0,,0
103,1,12,20884,1,1,2,1,67,470084,10,Icon_Skill_Unique_30001,21,22,76,0,,0
103,2,12,20884,1,1,3,1,67,470084,25,Icon_Skill_Unique_30001,21,22,114,0,,0
103,3,12,20884,1,1,4,1,67,470084,25,Icon_Skill_Unique_30001,21,22,152,0,,0
103,4,12,20884,1,1,5,1,67,470084,50,Icon_Skill_Unique_30001,21,22,190,0,,0
103,5,12,20884,2,2,6,0,67,470084,50,Icon_Skill_Unique_30001,21,22,228,0,,0
103,6,12,20884,2,2,7,0,67,470084,90,Icon_Skill_Unique_30001,21,22,266,0,,0
103,7,12,20884,2,2,8,0,67,470084,90,Icon_Skill_Unique_30001,21,22,304,0,,0
103,8,12,20884,3,3,9,0,67,470084,160,Icon_Skill_Unique_30001,21,22,342,0,,0
103,9,12,20884,3,3,10,0,67,470084,160,Icon_Skill_Unique_30001,21,22,380,0,,0
104,0,12,20885,1,1,1,1,68,470085,8,Icon_Skill_Passive_23211,58,166,54,0,,0
104,1,12,20885,1,1,2,1,68,470085,8,Icon_Skill_Passive_23211,58,166,108,0,,0
104,2,12,20885,1,1,3,1,68,470085,20,Icon_Skill_Passive_23211,58,166,162,0,,0
104,3,12,20885,1,1,4,1,68,470085,20,Icon_Skill_Passive_23211,58,166,216,0,,0
104,4,12,20885,1,1,5,1,68,470085,40,Icon_Skill_Passive_23211,58,166,270,0,,0
104,5,12,20885,2,2,6,0,68,470085,40,Icon_Skill_Passive_23211,58,166,324,0,,0
104,6,12,20885,2,2,7,0,68,470085,65,Icon_Skill_Passive_23211,58,166,378,0,,0
104,7,12,20885,2,2,8,0,68,470085,65,Icon_Skill_Passive_23211,58,166,432,0,,0
104,8,12,20885,3,3,9,0,68,470085,130,Icon_Skill_Passive_23211,58,166,486,0,,0
104,9,12,20885,3,3,10,0,68,470085,130,Icon_Skill_Passive_23211,58,166,540,0,,0
105,0,12,20898,1,1,1,1,70,470086,1,Icon_Skill_Passive_23251,60,166,107,0,,0
105,1,12,20898,1,1,2,1,70,470086,1,Icon_Skill_Passive_23251,60,166,214,0,,0
105,2,12,20898,1,1,3,1,70,470086,1,Icon_Skill_Passive_23251,60,166,321,0,,0
105,3,12,20898,1,1,4,1,70,470086,1,Icon_Skill_Passive_23251,60,166,428,0,,0
105,4,12,20898,1,1,5,1,70,470086,2,Icon_Skill_Passive_23251,60,166,535,0,,0
105,5,12,20898,2,2,6,0,70,470086,2,Icon_Skill_Passive_23251,60,166,642,0,,0
105,6,12,20898,2,2,7,0,70,470086,3,Icon_Skill_Passive_23251,60,166,749,0,,0
105,7,12,20898,2,2,8,0,70,470086,3,Icon_Skill_Passive_23251,60,166,856,0,,0
105,8,12,20898,3,3,9,0,70,470086,4,Icon_Skill_Passive_23251,60,166,963,0,,0
105,9,12,20898,3,3,10,0,70,470086,4,Icon_Skill_Passive_23251,60,166,1070,0,,0
110,0,13,20981,1,1,1,1,67,470091,15,Icon_Skill_Passive_20232,101,166,34,0,,0
110,1,13,20981,1,1,2,1,67,470091,15,Icon_Skill_Passive_20232,101,166,68,0,,0
110,2,13,20981,1,1,3,1,67,470091,30,Icon_Skill_Passive_20232,101,166,102,0,,0
110,3,13,20981,1,1,4,1,67,470091,30,Icon_Skill_Passive_20232,101,166,136,0,,0
110,4,13,20981,1,1,5,1,67,470091,60,Icon_Skill_Passive_20232,101,166,170,0,,0
110,5,13,20981,2,2,6,0,67,470091,60,Icon_Skill_Passive_20232,101,166,204,0,,0
110,6,13,20981,2,2,7,0,67,470091,120,Icon_Skill_Passive_20232,101,166,238,0,,0
110,7,13,20981,2,2,8,0,67,470091,120,Icon_Skill_Passive_20232,101,166,272,0,,0
110,8,13,20981,3,3,9,0,67,470091,180,Icon_Skill_Passive_20232,101,166,306,0,,0
110,9,13,20981,3,3,10,0,67,470091,180,Icon_Skill_Passive_20232,101,166,340,0,,0
111,0,13,20985,1,1,1,1,67,470095,15,Icon_Skill_Passive_21251,29,166,25,0,,0
111,1,13,20985,1,1,2,1,67,470095,15,Icon_Skill_Passive_21251,29,166,50,0,,0
111,2,13,20985,1,1,3,1,67,470095,30,Icon_Skill_Passive_21251,29,166,75,0,,0
111,3,13,20985,1,1,4,1,67,470095,30,Icon_Skill_Passive_21251,29,166,100,0,,0
111,4,13,20985,1,1,5,1,67,470095,60,Icon_Skill_Passive_21251,29,166,125,0,,0
111,5,13,20985,2,2,6,0,67,470095,60,Icon_Skill_Passive_21251,29,166,150,0,,0
111,6,13,20985,2,2,7,0,67,470095,120,Icon_Skill_Passive_21251,29,166,175,0,,0
111,7,13,20985,2,2,8,0,67,470095,120,Icon_Skill_Passive_21251,29,166,200,0,,0
111,8,13,20985,3,3,9,0,67,470095,180,Icon_Skill_Passive_21251,29,166,225,0,,0
111,9,13,20985,3,3,10,0,67,470095,180,Icon_Skill_Passive_21251,29,166,250,0,,0
112,0,13,20982,1,1,1,1,68,470092,10,Icon_Skill_Passive_20233,102,166,37,0,,0
112,1,13,20982,1,1,2,1,68,470092,10,Icon_Skill_Passive_20233,102,166,74,0,,0
112,2,13,20982,1,1,3,1,68,470092,25,Icon_Skill_Passive_20233,102,166,111,0,,0
112,3,13,20982,1,1,4,1,68,470092,25,Icon_Skill_Passive_20233,102,166,148,0,,0
112,4,13,20982,1,1,5,1,68,470092,45,Icon_Skill_Passive_20233,102,166,185,0,,0
112,5,13,20982,2,2,6,0,68,470092,45,Icon_Skill_Passive_20233,102,166,222,0,,0
112,6,13,20982,2,2,7,0,68,470092,80,Icon_Skill_Passive_20233,102,166,259,0,,0
112,7,13,20982,2,2,8,0,68,470092,80,Icon_Skill_Passive_20233,102,166,296,0,,0
112,8,13,20982,3,3,9,0,68,470092,150,Icon_Skill_Passive_20233,102,166,333,0,,0
112,9,13,20982,3,3,10,0,68,470092,150,Icon_Skill_Passive_20233,102,166,370,0,,0
113,0,13,20983,1,1,1,1,68,470093,10,Icon_Skill_Passive_20234,10,166,33,0,,0
113,1,13,20983,1,1,2,1,68,470093,10,Icon_Skill_Passive_20234,10,166,66,0,,0
113,2,13,20983,1,1,3,1,68,470093,25,Icon_Skill_Passive_20234,10,166,99,0,,0
113,3,13,20983,1,1,4,1,68,470093,25,Icon_Skill_Passive_20234,10,166,132,0,,0
113,4,13,20983,1,1,5,1,68,470093,45,Icon_Skill_Passive_20234,10,166,165,0,,0
113,5,13,20983,2,2,6,0,68,470093,45,Icon_Skill_Passive_20234,10,166,198,0,,0
113,6,13,20983,2,2,7,0,68,470093,80,Icon_Skill_Passive_20234,10,166,231,0,,0
113,7,13,20983,2,2,8,0,68,470093,80,Icon_Skill_Passive_20234,10,166,264,0,,0
113,8,13,20983,3,3,9,0,68,470093,150,Icon_Skill_Passive_20234,10,166,297,0,,0
113,9,13,20983,3,3,10,0,68,470093,150,Icon_Skill_Passive_20234,10,166,330,0,,0
114,0,13,20984,1,1,1,1,68,470094,10,Icon_Skill_Passive_20235,11,166,50,0,,0
114,1,13,20984,1,1,2,1,68,470094,10,Icon_Skill_Passive_20235,11,166,100,0,,0
114,2,13,20984,1,1,3,1,68,470094,25,Icon_Skill_Passive_20235,11,166,150,0,,0
114,3,13,20984,1,1,4,1,68,470094,25,Icon_Skill_Passive_20235,11,166,200,0,,0
114,4,13,20984,1,1,5,1,68,470094,45,Icon_Skill_Passive_20235,11,166,250,0,,0
114,5,13,20984,2,2,6,0,68,470094,45,Icon_Skill_Passive_20235,11,166,300,0,,0
114,6,13,20984,2,2,7,0,68,470094,80,Icon_Skill_Passive_20235,11,166,350,0,,0
114,7,13,20984,2,2,8,0,68,470094,80,Icon_Skill_Passive_20235,11,166,400,0,,0
114,8,13,20984,3,3,9,0,68,470094,150,Icon_Skill_Passive_20235,11,166,450,0,,0
114,9,13,20984,3,3,10,0,68,470094,150,Icon_Skill_Passive_20235,11,166,500,0,,0
115,0,13,20998,1,1,1,1,70,470096,1,Icon_Skill_Passive_20231,26,166,43,0,,0
115,1,13,20998,1,1,2,1,70,470096,1,Icon_Skill_Passive_20231,26,166,86,0,,0
115,2,13,20998,1,1,3,1,70,470096,1,Icon_Skill_Passive_20231,26,166,129,0,,0
115,3,13,20998,1,1,4,1,70,470096,1,Icon_Skill_Passive_20231,26,166,172,0,,0
115,4,13,20998,1,1,5,1,70,470096,2,Icon_Skill_Passive_20231,26,166,215,0,,0
115,5,13,20998,2,2,6,0,70,470096,2,Icon_Skill_Passive_20231,26,166,258,0,,0
115,6,13,20998,2,2,7,0,70,470096,3,Icon_Skill_Passive_20231,26,166,301,0,,0
115,7,13,20998,2,2,8,0,70,470096,3,Icon_Skill_Passive_20231,26,166,344,0,,0
115,8,13,20998,3,3,9,0,70,470096,4,Icon_Skill_Passive_20231,26,166,387,0,,0
115,9,13,20998,3,3,10,0,70,470096,4,Icon_Skill_Passive_20231,26,166,430,0,,0
120,0,14,21081,1,1,1,1,67,470101,15,Icon_Skill_Active_10112,1,2,42,0,,0
120,1,14,21081,1,1,2,1,67,470101,15,Icon_Skill_Active_10112,1,2,84,0,,0
120,2,14,21081,1,1,3,1,67,470101,30,Icon_Skill_Active_10112,1,2,126,0,,0
120,3,14,21081,1,1,4,1,67,470101,30,Icon_Skill_Active_10112,1,2,168,0,,0
120,4,14,21081,1,1,5,1,67,470101,65,Icon_Skill_Active_10112,1,2,210,0,,0
120,5,14,21081,2,2,6,0,67,470101,65,Icon_Skill_Active_10112,1,2,252,0,,0
120,6,14,21081,2,2,7,0,67,470101,125,Icon_Skill_Active_10112,1,2,294,0,,0
120,7,14,21081,2,2,8,0,67,470101,125,Icon_Skill_Active_10112,1,2,336,0,,0
120,8,14,21081,3,3,9,0,67,470101,215,Icon_Skill_Active_10112,1,2,378,0,,0
120,9,14,21081,3,3,10,0,67,470101,215,Icon_Skill_Active_10112,1,2,420,0,,0
121,0,14,21082,1,1,1,1,67,470102,15,Icon_Skill_Unique_30001,21,22,43,0,,0
121,1,14,21082,1,1,2,1,67,470102,15,Icon_Skill_Unique_30001,21,22,86,0,,0
121,2,14,21082,1,1,3,1,67,470102,30,Icon_Skill_Unique_30001,21,22,129,0,,0
121,3,14,21082,1,1,4,1,67,470102,30,Icon_Skill_Unique_30001,21,22,172,0,,0
121,4,14,21082,1,1,5,1,67,470102,65,Icon_Skill_Unique_30001,21,22,215,0,,0
121,5,14,21082,2,2,6,0,67,470102,65,Icon_Skill_Unique_30001,21,22,258,0,,0
121,6,14,21082,2,2,7,0,67,470102,125,Icon_Skill_Unique_30001,21,22,301,0,,0
121,7,14,21082,2,2,8,0,67,470102,125,Icon_Skill_Unique_30001,21,22,344,0,,0
121,8,14,21082,3,3,9,0,67,470102,215,Icon_Skill_Unique_30001,21,22,387,0,,0
121,9,14,21082,3,3,10,0,67,470102,215,Icon_Skill_Unique_30001,21,22,430,0,,0
122,0,14,21083,1,1,1,1,67,470103,15,Icon_Skill_Passive_23211,58,166,52,0,,0
122,1,14,21083,1,1,2,1,67,470103,15,Icon_Skill_Passive_23211,58,166,104,0,,0
122,2,14,21083,1,1,3,1,67,470103,30,Icon_Skill_Passive_23211,58,166,156,0,,0
122,3,14,21083,1,1,4,1,67,470103,30,Icon_Skill_Passive_23211,58,166,208,0,,0
122,4,14,21083,1,1,5,1,67,470103,65,Icon_Skill_Passive_23211,58,166,260,0,,0
122,5,14,21083,2,2,6,0,67,470103,65,Icon_Skill_Passive_23211,58,166,312,0,,0
122,6,14,21083,2,2,7,0,67,470103,125,Icon_Skill_Passive_23211,58,166,364,0,,0
122,7,14,21083,2,2,8,0,67,470103,125,Icon_Skill_Passive_23211,58,166,416,0,,0
122,8,14,21083,3,3,9,0,67,470103,215,Icon_Skill_Passive_23211,58,166,468,0,,0
122,9,14,21083,3,3,10,0,67,470103,215,Icon_Skill_Passive_23211,58,166,520,0,,0
123,0,14,21085,1,1,1,1,67,470105,15,Icon_Skill_Passive_20232,101,166,39,0,,0
123,1,14,21085,1,1,2,1,67,470105,15,Icon_Skill_Passive_20232,101,166,78,0,,0
123,2,14,21085,1,1,3,1,67,470105,30,Icon_Skill_Passive_20232,101,166,117,0,,0
123,3,14,21085,1,1,4,1,67,470105,30,Icon_Skill_Passive_20232,101,166,156,0,,0
123,4,14,21085,1,1,5,1,67,470105,65,Icon_Skill_Passive_20232,101,166,195,0,,0
123,5,14,21085,2,2,6,0,67,470105,65,Icon_Skill_Passive_20232,101,166,234,0,,0
123,6,14,21085,2,2,7,0,67,470105,125,Icon_Skill_Passive_20232,101,166,273,0,,0
123,7,14,21085,2,2,8,0,67,470105,125,Icon_Skill_Passive_20232,101,166,312,0,,0
123,8,14,21085,3,3,9,0,67,470105,215,Icon_Skill_Passive_20232,101,166,351,0,,0
123,9,14,21085,3,3,10,0,67,470105,215,Icon_Skill_Passive_20232,101,166,390,0,,0
124,0,14,21086,1,1,1,1,67,470106,15,Icon_Skill_Passive_20233,102,166,36,0,,0
124,1,14,21086,1,1,2,1,67,470106,15,Icon_Skill_Passive_20233,102,166,72,0,,0
124,2,14,21086,1,1,3,1,67,470106,30,Icon_Skill_Passive_20233,102,166,108,0,,0
124,3,14,21086,1,1,4,1,67,470106,30,Icon_Skill_Passive_20233,102,166,144,0,,0
124,4,14,21086,1,1,5,1,67,470106,65,Icon_Skill_Passive_20233,102,166,180,0,,0
124,5,14,21086,2,2,6,0,67,470106,65,Icon_Skill_Passive_20233,102,166,216,0,,0
124,6,14,21086,2,2,7,0,67,470106,125,Icon_Skill_Passive_20233,102,166,252,0,,0
124,7,14,21086,2,2,8,0,67,470106,125,Icon_Skill_Passive_20233,102,166,288,0,,0
124,8,14,21086,3,3,9,0,67,470106,215,Icon_Skill_Passive_20233,102,166,324,0,,0
124,9,14,21086,3,3,10,0,67,470106,215,Icon_Skill_Passive_20233,102,166,360,0,,0
125,0,14,21087,1,1,1,1,67,470107,15,Icon_Skill_Passive_20234,10,166,43,0,,0
125,1,14,21087,1,1,2,1,67,470107,15,Icon_Skill_Passive_20234,10,166,86,0,,0
125,2,14,21087,1,1,3,1,67,470107,30,Icon_Skill_Passive_20234,10,166,129,0,,0
125,3,14,21087,1,1,4,1,67,470107,30,Icon_Skill_Passive_20234,10,166,172,0,,0
125,4,14,21087,1,1,5,1,67,470107,65,Icon_Skill_Passive_20234,10,166,215,0,,0
125,5,14,21087,2,2,6,0,67,470107,65,Icon_Skill_Passive_20234,10,166,258,0,,0
125,6,14,21087,2,2,7,0,67,470107,125,Icon_Skill_Passive_20234,10,166,301,0,,0
125,7,14,21087,2,2,8,0,67,470107,125,Icon_Skill_Passive_20234,10,166,344,0,,0
125,8,14,21087,3,3,9,0,67,470107,215,Icon_Skill_Passive_20234,10,166,387,0,,0
125,9,14,21087,3,3,10,0,67,470107,215,Icon_Skill_Passive_20234,10,166,430,0,,0
126,0,14,21084,1,1,1,1,68,470104,10,Icon_Skill_Passive_23251,60,166,61,0,,0
126,1,14,21084,1,1,2,1,68,470104,10,Icon_Skill_Passive_23251,60,166,122,0,,0
126,2,14,21084,1,1,3,1,68,470104,30,Icon_Skill_Passive_23251,60,166,183,0,,0
126,3,14,21084,1,1,4,1,68,470104,30,Icon_Skill_Passive_23251,60,166,244,0,,0
126,4,14,21084,1,1,5,1,68,470104,70,Icon_Skill_Passive_23251,60,166,305,0,,0
126,5,14,21084,2,2,6,0,68,470104,70,Icon_Skill_Passive_23251,60,166,366,0,,0
126,6,14,21084,2,2,7,0,68,470104,105,Icon_Skill_Passive_23251,60,166,427,0,,0
126,7,14,21084,2,2,8,0,68,470104,105,Icon_Skill_Passive_23251,60,166,488,0,,0
126,8,14,21084,3,3,9,0,68,470104,125,Icon_Skill_Passive_23251,60,166,549,0,,0
126,9,14,21084,3,3,10,0,68,470104,125,Icon_Skill_Passive_23251,60,166,610,0,,0
130,0,15,30481,1,1,1,1,69,472041,10,Icon_Skill_Passive_21251,29,166,36,0,,0
130,1,15,30481,1,1,2,1,69,472041,10,Icon_Skill_Passive_21251,29,166,72,0,,0
130,2,15,30481,1,1,3,1,69,472041,30,Icon_Skill_Passive_21251,29,166,108,0,,0
130,3,15,30481,1,1,4,1,69,472041,30,Icon_Skill_Passive_21251,29,166,144,0,,0
130,4,15,30481,1,1,5,1,69,472041,80,Icon_Skill_Passive_21251,29,166,180,0,,0
130,5,15,30481,2,2,6,0,69,472041,80,Icon_Skill_Passive_21251,29,166,216,0,,0
130,6,15,30481,2,2,7,0,69,472041,110,Icon_Skill_Passive_21251,29,166,252,0,,0
130,7,15,30481,2,2,8,0,69,472041,110,Icon_Skill_Passive_21251,29,166,288,0,,0
130,8,15,30481,3,3,9,0,69,472041,140,Icon_Skill_Passive_21251,29,166,324,0,,0
130,9,15,30481,3,3,10,0,69,472041,140,Icon_Skill_Passive_21251,29,166,360,0,,0
131,0,15,30482,1,1,1,1,69,472042,10,Icon_Skill_Passive_20231,26,166,42,0,,0
131,1,15,30482,1,1,2,1,69,472042,10,Icon_Skill_Passive_20231,26,166,84,0,,0
131,2,15,30482,1,1,3,1,69,472042,30,Icon_Skill_Passive_20231,26,166,126,0,,0
131,3,15,30482,1,1,4,1,69,472042,30,Icon_Skill_Passive_20231,26,166,168,0,,0
131,4,15,30482,1,1,5,1,69,472042,80,Icon_Skill_Passive_20231,26,166,210,0,,0
131,5,15,30482,2,2,6,0,69,472042,80,Icon_Skill_Passive_20231,26,166,252,0,,0
131,6,15,30482,2,2,7,0,69,472042,110,Icon_Skill_Passive_20231,26,166,294,0,,0
131,7,15,30482,2,2,8,0,69,472042,110,Icon_Skill_Passive_20231,26,166,336,0,,0
131,8,15,30482,3,3,9,0,69,472042,140,Icon_Skill_Passive_20231,26,166,378,0,,0
131,9,15,30482,3,3,10,0,69,472042,140,Icon_Skill_Passive_20231,26,166,420,0,,0
132,0,15,30483,1,1,1,1,69,472043,10,Icon_Skill_Active_10112,1,2,70,0,,0
132,1,15,30483,1,1,2,1,69,472043,10,Icon_Skill_Active_10112,1,2,140,0,,0
132,2,15,30483,1,1,3,1,69,472043,30,Icon_Skill_Active_10112,1,2,210,0,,0
132,3,15,30483,1,1,4,1,69,472043,30,Icon_Skill_Active_10112,1,2,280,0,,0
132,4,15,30483,1,1,5,1,69,472043,80,Icon_Skill_Active_10112,1,2,350,0,,0
132,5,15,30483,2,2,6,0,69,472043,80,Icon_Skill_Active_10112,1,2,420,0,,0
132,6,15,30483,2,2,7,0,69,472043,110,Icon_Skill_Active_10112,1,2,490,0,,0
132,7,15,30483,2,2,8,0,69,472043,110,Icon_Skill_Active_10112,1,2,560,0,,0
132,8,15,30483,3,3,9,0,69,472043,140,Icon_Skill_Active_10112,1,2,630,0,,0
132,9,15,30483,3,3,10,0,69,472043,140,Icon_Skill_Active_10112,1,2,700,0,,0
133,0,15,30484,1,1,1,1,69,472044,10,Icon_Skill_Unique_30001,21,22,62,0,,0
133,1,15,30484,1,1,2,1,69,472044,10,Icon_Skill_Unique_30001,21,22,124,0,,0
133,2,15,30484,1,1,3,1,69,472044,30,Icon_Skill_Unique_30001,21,22,186,0,,0
133,3,15,30484,1,1,4,1,69,472044,30,Icon_Skill_Unique_30001,21,22,248,0,,0
133,4,15,30484,1,1,5,1,69,472044,80,Icon_Skill_Unique_30001,21,22,310,0,,0
133,5,15,30484,2,2,6,0,69,472044,80,Icon_Skill_Unique_30001,21,22,372,0,,0
133,6,15,30484,2,2,7,0,69,472044,110,Icon_Skill_Unique_30001,21,22,434,0,,0
133,7,15,30484,2,2,8,0,69,472044,110,Icon_Skill_Unique_30001,21,22,496,0,,0
133,8,15,30484,3,3,9,0,69,472044,140,Icon_Skill_Unique_30001,21,22,558,0,,0
133,9,15,30484,3,3,10,0,69,472044,140,Icon_Skill_Unique_30001,21,22,620,0,,0
140,0,16,30581,1,1,1,1,69,472051,15,Icon_Skill_Passive_23211,58,166,101,0,,0
140,1,16,30581,1,1,2,1,69,472051,15,Icon_Skill_Passive_23211,58,166,202,0,,0
140,2,16,30581,1,1,3,1,69,472051,30,Icon_Skill_Passive_23211,58,166,303,0,,0
140,3,16,30581,1,1,4,1,69,472051,30,Icon_Skill_Passive_23211,58,166,404,0,,0
140,4,16,30581,1,1,5,1,69,472051,65,Icon_Skill_Passive_23211,58,166,505,0,,0
140,5,16,30581,2,2,6,0,69,472051,65,Icon_Skill_Passive_23211,58,166,606,0,,0
140,6,16,30581,2,2,7,0,69,472051,125,Icon_Skill_Passive_23211,58,166,707,0,,0
140,7,16,30581,2,2,8,0,69,472051,125,Icon_Skill_Passive_23211,58,166,808,0,,0
140,8,16,30581,3,3,9,0,69,472051,220,Icon_Skill_Passive_23211,58,166,909,0,,0
140,9,16,30581,3,3,10,0,69,472051,220,Icon_Skill_Passive_23211,58,166,1010,0,,0
141,0,16,30582,1,1,1,1,69,472052,15,Icon_Skill_Passive_23251,60,166,103,0,,0
141,1,16,30582,1,1,2,1,69,472052,15,Icon_Skill_Passive_23251,60,166,206,0,,0
141,2,16,30582,1,1,3,1,69,472052,30,Icon_Skill_Passive_23251,60,166,309,0,,0
141,3,16,30582,1,1,4,1,69,472052,30,Icon_Skill_Passive_23251,60,166,412,0,,0
141,4,16,30582,1,1,5,1,69,472052,65,Icon_Skill_Passive_23251,60,166,515,0,,0
141,5,16,30582,2,2,6,0,69,472052,65,Icon_Skill_Passive_23251,60,166,618,0,,0
141,6,16,30582,2,2,7,0,69,472052,125,Icon_Skill_Passive_23251,60,166,721,0,,0
141,7,16,30582,2,2,8,0,69,472052,125,Icon_Skill_Passive_23251,60,166,824,0,,0
141,8,16,30582,3,3,9,0,69,472052,220,Icon_Skill_Passive_23251,60,166,927,0,,0
141,9,16,30582,3,3,10,0,69,472052,220,Icon_Skill_Passive_23251,60,166,1030,0,,0
142,0,16,30583,1,1,1,1,69,472053,15,Icon_Skill_Passive_20232,101,166,55,0,,0
142,1,16,30583,1,1,2,1,69,472053,15,Icon_Skill_Passive_20232,101,166,110,0,,0
142,2,16,30583,1,1,3,1,69,472053,30,Icon_Skill_Passive_20232,101,166,165,0,,0
142,3,16,30583,1,1,4,1,69,472053,30,Icon_Skill_Passive_20232,101,166,220,0,,0
142,4,16,30583,1,1,5,1,69,472053,65,Icon_Skill_Passive_20232,101,166,275,0,,0
142,5,16,30583,2,2,6,0,69,472053,65,Icon_Skill_Passive_20232,101,166,330,0,,0
142,6,16,30583,2,2,7,0,69,472053,125,Icon_Skill_Passive_20232,101,166,385,0,,0
142,7,16,30583,2,2,8,0,69,472053,125,Icon_Skill_Passive_20232,101,166,440,0,,0
142,8,16,30583,3,3,9,0,69,472053,220,Icon_Skill_Passive_20232,101,166,495,0,,0
142,9,16,30583,3,3,10,0,69,472053,220,Icon_Skill_Passive_20232,101,166,550,0,,0
150,0,17,21181,1,1,1,1,67,470111,20,Icon_Skill_Passive_20235,11,166,56,0,,0
150,1,17,21181,1,1,2,1,67,470111,20,Icon_Skill_Passive_20235,11,166,112,0,,0
150,2,17,21181,1,1,3,1,67,470111,40,Icon_Skill_Passive_20235,11,166,168,0,,0
150,3,17,21181,1,1,4,1,67,470111,40,Icon_Skill_Passive_20235,11,166,224,0,,0
150,4,17,21181,1,1,5,1,67,470111,80,Icon_Skill_Passive_20235,11,166,280,0,,0
150,5,17,21181,2,2,6,0,67,470111,80,Icon_Skill_Passive_20235,11,166,336,0,,0
150,6,17,21181,2,2,7,0,67,470111,150,Icon_Skill_Passive_20235,11,166,392,0,,0
150,7,17,21181,2,2,8,0,67,470111,150,Icon_Skill_Passive_20235,11,166,448,0,,0
150,8,17,21181,3,3,9,0,67,470111,250,Icon_Skill_Passive_20235,11,166,504,0,,0
150,9,17,21181,3,3,10,0,67,470111,250,Icon_Skill_Passive_20235,11,166,560,0,,0
151,0,17,21186,1,1,1,1,67,470116,20,Icon_Skill_Passive_20231,26,166,39,0,,0
151,1,17,21186,1,1,2,1,67,470116,20,Icon_Skill_Passive_20231,26,166,78,0,,0
151,2,17,21186,1,1,3,1,67,470116,40,Icon_Skill_Passive_20231,26,166,117,0,,0
151,3,17,21186,1,1,4,1,67,470116,40,Icon_Skill_Passive_20231,26,166,156,0,,0
151,4,17,21186,1,1,5,1,67,470116,80,Icon_Skill_Passive_20231,26,166,195,0,,0
151,5,17,21186,2,2,6,0,67,470116,80,Icon_Skill_Passive_20231,26,166,234,0,,0
151,6,17,21186,2,2,7,0,67,470116,150,Icon_Skill_Passive_20231,26,166,273,0,,0
151,7,17,21186,2,2,8,0,67,470116,150,Icon_Skill_Passive_20231,26,166,312,0,,0
151,8,17,21186,3,3,9,0,67,470116,250,Icon_Skill_Passive_20231,26,166,351,0,,0
151,9,17,21186,3,3,10,0,67,470116,250,Icon_Skill_Passive_20231,26,166,390,0,,0
152,0,17,21182,1,1,1,1,68,470112,10,Icon_Skill_Passive_20233,102,166,46,0,,0
152,1,17,21182,1,1,2,1,68,470112,10,Icon_Skill_Passive_20233,102,166,92,0,,0
152,2,17,21182,1,1,3,1,68,470112,30,Icon_Skill_Passive_20233,102,166,138,0,,0
152,3,17,21182,1,1,4,1,68,470112,30,Icon_Skill_Passive_20233,102,166,184,0,,0
152,4,17,21182,1,1,5,1,68,470112,65,Icon_Skill_Passive_20233,102,166,230,0,,0
152,5,17,21182,2,2,6,0,68,470112,65,Icon_Skill_Passive_20233,102,166,276,0,,0
152,6,17,21182,2,2,7,0,68,470112,125,Icon_Skill_Passive_20233,102,166,322,0,,0
152,7,17,21182,2,2,8,0,68,470112,125,Icon_Skill_Passive_20233,102,166,368,0,,0
152,8,17,21182,3,3,9,0,68,470112,210,Icon_Skill_Passive_20233,102,166,414,0,,0
152,9,17,21182,3,3,10,0,68,470112,210,Icon_Skill_Passive_20233,102,166,460,0,,0
153,0,17,21183,1,1,1,1,68,470113,10,Icon_Skill_Passive_20234,10,166,48,0,,0
153,1,17,21183,1,1,2,1,68,470113,10,Icon_Skill_Passive_20234,10,166,96,0,,0
153,2,17,21183,1,1,3,1,68,470113,30,Icon_Skill_Passive_20234,10,166,144,0,,0
153,3,17,21183,1,1,4,1,68,470113,30,Icon_Skill_Passive_20234,10,166,192,0,,0
153,4,17,21183,1,1,5,1,68,470113,65,Icon_Skill_Passive_20234,10,166,240,0,,0
153,5,17,21183,2,2,6,0,68,470113,65,Icon_Skill_Passive_20234,10,166,288,0,,0
153,6,17,21183,2,2,7,0,68,470113,125,Icon_Skill_Passive_20234,10,166,336,0,,0
153,7,17,21183,2,2,8,0,68,470113,125,Icon_Skill_Passive_20234,10,166,384,0,,0
153,8,17,21183,3,3,9,0,68,470113,210,Icon_Skill_Passive_20234,10,166,432,0,,0
153,9,17,21183,3,3,10,0,68,470113,210,Icon_Skill_Passive_20234,10,166,480,0,,0
154,0,17,21184,1,1,1,1,68,470114,10,Icon_Skill_Passive_20235,11,166,63,0,,0
154,1,17,21184,1,1,2,1,68,470114,10,Icon_Skill_Passive_20235,11,166,126,0,,0
154,2,17,21184,1,1,3,1,68,470114,30,Icon_Skill_Passive_20235,11,166,189,0,,0
154,3,17,21184,1,1,4,1,68,470114,30,Icon_Skill_Passive_20235,11,166,252,0,,0
154,4,17,21184,1,1,5,1,68,470114,65,Icon_Skill_Passive_20235,11,166,315,0,,0
154,5,17,21184,2,2,6,0,68,470114,65,Icon_Skill_Passive_20235,11,166,378,0,,0
154,6,17,21184,2,2,7,0,68,470114,125,Icon_Skill_Passive_20235,11,166,441,0,,0
154,7,17,21184,2,2,8,0,68,470114,125,Icon_Skill_Passive_20235,11,166,504,0,,0
154,8,17,21184,3,3,9,0,68,470114,210,Icon_Skill_Passive_20235,11,166,567,0,,0
154,9,17,21184,3,3,10,0,68,470114,210,Icon_Skill_Passive_20235,11,166,630,0,,0
155,0,17,21185,1,1,1,1,68,470115,10,Icon_Skill_Passive_21251,29,166,31,0,,0
155,1,17,21185,1,1,2,1,68,470115,10,Icon_Skill_Passive_21251,29,166,62,0,,0
155,2,17,21185,1,1,3,1,68,470115,30,Icon_Skill_Passive_21251,29,166,93,0,,0
155,3,17,21185,1,1,4,1,68,470115,30,Icon_Skill_Passive_21251,29,166,124,0,,0
155,4,17,21185,1,1,5,1,68,470115,65,Icon_Skill_Passive_21251,29,166,155,0,,0
155,5,17,21185,2,2,6,0,68,470115,65,Icon_Skill_Passive_21251,29,166,186,0,,0
155,6,17,21185,2,2,7,0,68,470115,125,Icon_Skill_Passive_21251,29,166,217,0,,0
155,7,17,21185,2,2,8,0,68,470115,125,Icon_Skill_Passive_21251,29,166,248,0,,0
155,8,17,21185,3,3,9,0,68,470115,210,Icon_Skill_Passive_21251,29,166,279,0,,0
155,9,17,21185,3,3,10,0,68,470115,210,Icon_Skill_Passive_21251,29,166,310,0,,0
156,0,17,21187,1,1,1,1,68,470117,10,Icon_Skill_Active_10112,1,2,57,0,,0
156,1,17,21187,1,1,2,1,68,470117,10,Icon_Skill_Active_10112,1,2,114,0,,0
156,2,17,21187,1,1,3,1,68,470117,30,Icon_Skill_Active_10112,1,2,171,0,,0
156,3,17,21187,1,1,4,1,68,470117,30,Icon_Skill_Active_10112,1,2,228,0,,0
156,4,17,21187,1,1,5,1,68,470117,65,Icon_Skill_Active_10112,1,2,285,0,,0
156,5,17,21187,2,2,6,0,68,470117,65,Icon_Skill_Active_10112,1,2,342,0,,0
156,6,17,21187,2,2,7,0,68,470117,125,Icon_Skill_Active_10112,1,2,399,0,,0
156,7,17,21187,2,2,8,0,68,470117,125,Icon_Skill_Active_10112,1,2,456,0,,0
156,8,17,21187,3,3,9,0,68,470117,210,Icon_Skill_Active_10112,1,2,513,0,,0
156,9,17,21187,3,3,10,0,68,470117,210,Icon_Skill_Active_10112,1,2,570,0,,0
157,0,17,21198,1,1,1,1,70,470118,2,Icon_Skill_Passive_21251,29,166,103,0,,0
157,1,17,21198,1,1,2,1,70,470118,2,Icon_Skill_Passive_21251,29,166,206,0,,0
157,2,17,21198,1,1,3,1,70,470118,3,Icon_Skill_Passive_21251,29,166,309,0,,0
157,3,17,21198,1,1,4,1,70,470118,3,Icon_Skill_Passive_21251,29,166,412,0,,0
157,4,17,21198,1,1,5,1,70,470118,5,Icon_Skill_Passive_21251,29,166,515,0,,0
157,5,17,21198,2,2,6,0,70,470118,5,Icon_Skill_Passive_21251,29,166,618,0,,0
157,6,17,21198,2,2,7,0,70,470118,5,Icon_Skill_Passive_21251,29,166,721,0,,0
157,7,17,21198,2,2,8,0,70,470118,5,Icon_Skill_Passive_21251,29,166,824,0,,0
157,8,17,21198,3,3,9,0,70,470118,10,Icon_Skill_Passive_21251,29,166,927,0,,0
157,9,17,21198,3,3,10,0,70,470118,10,Icon_Skill_Passive_21251,29,166,1030,0,,0
160,0,18,21281,1,1,1,1,67,470121,25,Icon_Skill_Unique_30001,21,22,59,0,,0
160,1,18,21281,1,1,2,1,67,470121,25,Icon_Skill_Unique_30001,21,22,118,0,,0
160,2,18,21281,1,1,3,1,67,470121,50,Icon_Skill_Unique_30001,21,22,177,0,,0
160,3,18,21281,1,1,4,1,67,470121,50,Icon_Skill_Unique_30001,21,22,236,0,,0
160,4,18,21281,1,1,5,1,67,470121,100,Icon_Skill_Unique_30001,21,22,295,0,,0
160,5,18,21281,2,2,6,0,67,470121,100,Icon_Skill_Unique_30001,21,22,354,0,,0
160,6,18,21281,2,2,7,0,67,470121,170,Icon_Skill_Unique_30001,21,22,413,0,,0
160,7,18,21281,2,2,8,0,67,470121,170,Icon_Skill_Unique_30001,21,22,472,0,,0
160,8,18,21281,3,3,9,0,67,470121,300,Icon_Skill_Unique_30001,21,22,531,0,,0
160,9,18,21281,3,3,10,0,67,470121,300,Icon_Skill_Unique_30001,21,22,590,0,,0
161,0,18,21282,1,1,1,1,67,470122,15,Icon_Skill_Passive_23211,58,166,71,0,,0
161,1,18,21282,1,1,2,1,67,470122,15,Icon_Skill_Passive_23211,58,166,142,0,,0
161,2,18,21282,1,1,3,1,67,470122,40,Icon_Skill_Passive_23211,58,166,213,0,,0
161,3,18,21282,1,1,4,1,67,470122,40,Icon_Skill_Passive_23211,58,166,284,0,,0
161,4,18,21282,1,1,5,1,67,470122,80,Icon_Skill_Passive_23211,58,166,355,0,,0
161,5,18,21282,2,2,6,0,67,470122,80,Icon_Skill_Passive_23211,58,166,426,0,,0
161,6,18,21282,2,2,7,0,67,470122,140,Icon_Skill_Passive_23211,58,166,497,0,,0
161,7,18,21282,2,2,8,0,67,470122,140,Icon_Skill_Passive_23211,58,166,568,0,,0
161,8,18,21282,3,3,9,0,67,470122,230,Icon_Skill_Passive_23211,58,166,639,0,,0
161,9,18,21282,3,3,10,0,67,470122,230,Icon_Skill_Passive_23211,58,166,710,0,,0
162,0,18,21283,1,1,1,1,68,470123,15,Icon_Skill_Passive_23251,60,166,72,0,,0
162,1,18,21283,1,1,2,1,68,470123,15,Icon_Skill_Passive_23251,60,166,144,0,,0
162,2,18,21283,1,1,3,1,68,470123,40,Icon_Skill_Passive_23251,60,166,216,0,,0
162,3,18,21283,1,1,4,1,68,470123,40,Icon_Skill_Passive_23251,60,166,288,0,,0
162,4,18,21283,1,1,5,1,68,470123,80,Icon_Skill_Passive_23251,60,166,360,0,,0
162,5,18,21283,2,2,6,0,68,470123,80,Icon_Skill_Passive_23251,60,166,432,0,,0
162,6,18,21283,2,2,7,0,68,470123,140,Icon_Skill_Passive_23251,60,166,504,0,,0
162,7,18,21283,2,2,8,0,68,470123,140,Icon_Skill_Passive_23251,60,166,576,0,,0
162,8,18,21283,3,3,9,0,68,470123,230,Icon_Skill_Passive_23251,60,166,648,0,,0
162,9,18,21283,3,3,10,0,68,470123,230,Icon_Skill_Passive_23251,60,166,720,0,,0
163,0,18,21284,1,1,1,1,68,470124,15,Icon_Skill_Passive_20232,101,166,52,0,,0
163,1,18,21284,1,1,2,1,68,470124,15,Icon_Skill_Passive_20232,101,166,104,0,,0
163,2,18,21284,1,1,3,1,68,470124,40,Icon_Skill_Passive_20232,101,166,156,0,,0
163,3,18,21284,1,1,4,1,68,470124,40,Icon_Skill_Passive_20232,101,166,208,0,,0
163,4,18,21284,1,1,5,1,68,470124,80,Icon_Skill_Passive_20232,101,166,260,0,,0
163,5,18,21284,2,2,6,0,68,470124,80,Icon_Skill_Passive_20232,101,166,312,0,,0
163,6,18,21284,2,2,7,0,68,470124,140,Icon_Skill_Passive_20232,101,166,364,0,,0
163,7,18,21284,2,2,8,0,68,470124,140,Icon_Skill_Passive_20232,101,166,416,0,,0
163,8,18,21284,3,3,9,0,68,470124,230,Icon_Skill_Passive_20232,101,166,468,0,,0
163,9,18,21284,3,3,10,0,68,470124,230,Icon_Skill_Passive_20232,101,166,520,0,,0
164,0,18,21285,1,1,1,1,68,470125,15,Icon_Skill_Passive_20233,102,166,56,0,,0
164,1,18,21285,1,1,2,1,68,470125,15,Icon_Skill_Passive_20233,102,166,112,0,,0
164,2,18,21285,1,1,3,1,68,470125,40,Icon_Skill_Passive_20233,102,166,168,0,,0
164,3,18,21285,1,1,4,1,68,470125,40,Icon_Skill_Passive_20233,102,166,224,0,,0
164,4,18,21285,1,1,5,1,68,470125,80,Icon_Skill_Passive_20233,102,166,280,0,,0
164,5,18,21285,2,2,6,0,68,470125,80,Icon_Skill_Passive_20233,102,166,336,0,,0
164,6,18,21285,2,2,7,0,68,470125,140,Icon_Skill_Passive_20233,102,166,392,0,,0
164,7,18,21285,2,2,8,0,68,470125,140,Icon_Skill_Passive_20233,102,166,448,0,,0
164,8,18,21285,3,3,9,0,68,470125,230,Icon_Skill_Passive_20233,102,166,504,0,,0
164,9,18,21285,3,3,10,0,68,470125,230,Icon_Skill_Passive_20233,102,166,560,0,,0
165,0,18,21286,1,1,1,1,68,470126,15,Icon_Skill_Passive_20234,10,166,59,0,,0
165,1,18,21286,1,1,2,1,68,470126,15,Icon_Skill_Passive_20234,10,166,118,0,,0
165,2,18,21286,1,1,3,1,68,470126,40,Icon_Skill_Passive_20234,10,166,177,0,,0
165,3,18,21286,1,1,4,1,68,470126,40,Icon_Skill_Passive_20234,10,166,236,0,,0
165,4,18,21286,1,1,5,1,68,470126,80,Icon_Skill_Passive_20234,10,166,295,0,,0
165,5,18,21286,2,2,6,0,68,470126,80,Icon_Skill_Passive_20234,10,166,354,0,,0
165,6,18,21286,2,2,7,0,68,470126,140,Icon_Skill_Passive_20234,10,166,413,0,,0
165,7,18,21286,2,2,8,0,68,470126,140,Icon_Skill_Passive_20234,10,166,472,0,,0
165,8,18,21286,3,3,9,0,68,470126,230,Icon_Skill_Passive_20234,10,166,531,0,,0
165,9,18,21286,3,3,10,0,68,470126,230,Icon_Skill_Passive_20234,10,166,590,0,,0
170,0,19,21381,1,1,1,1,67,470131,30,Icon_Skill_Unique_30001,21,22,68,0,,0
170,1,19,21381,1,1,2,1,67,470131,30,Icon_Skill_Unique_30001,21,22,136,0,,0
170,2,19,21381,1,1,3,1,67,470131,60,Icon_Skill_Unique_30001,21,22,204,0,,0
170,3,19,21381,1,1,4,1,67,470131,60,Icon_Skill_Unique_30001,21,22,272,0,,0
170,4,19,21381,1,1,5,1,67,470131,120,Icon_Skill_Unique_30001,21,22,340,0,,0
170,5,19,21381,2,2,6,0,67,470131,120,Icon_Skill_Unique_30001,21,22,408,0,,0
170,6,19,21381,2,2,7,0,67,470131,180,Icon_Skill_Unique_30001,21,22,476,0,,0
170,7,19,21381,2,2,8,0,67,470131,180,Icon_Skill_Unique_30001,21,22,544,0,,0
170,8,19,21381,3,3,9,0,67,470131,210,Icon_Skill_Unique_30001,21,22,612,0,,0
170,9,19,21381,3,3,10,0,67,470131,210,Icon_Skill_Unique_30001,21,22,680,0,,0
171,0,19,21382,1,1,1,1,68,470132,35,Icon_Skill_Active_10112,1,2,69,0,,0
171,1,19,21382,1,1,2,1,68,470132,35,Icon_Skill_Active_10112,1,2,138,0,,0
171,2,19,21382,1,1,3,1,68,470132,75,Icon_Skill_Active_10112,1,2,207,0,,0
171,3,19,21382,1,1,4,1,68,470132,75,Icon_Skill_Active_10112,1,2,276,0,,0
171,4,19,21382,1,1,5,1,68,470132,155,Icon_Skill_Active_10112,1,2,345,0,,0
171,5,19,21382,2,2,6,0,68,470132,155,Icon_Skill_Active_10112,1,2,414,0,,0
171,6,19,21382,2,2,7,0,68,470132,230,Icon_Skill_Active_10112,1,2,483,0,,0
171,7,19,21382,2,2,8,0,68,470132,230,Icon_Skill_Active_10112,1,2,552,0,,0
171,8,19,21382,3,3,9,0,68,470132,270,Icon_Skill_Active_10112,1,2,621,0,,0
171,9,19,21382,3,3,10,0,68,470132,270,Icon_Skill_Active_10112,1,2,690,0,,0
172,0,19,21383,1,1,1,1,68,470133,30,Icon_Skill_Passive_23211,58,166,84,0,,0
172,1,19,21383,1,1,2,1,68,470133,30,Icon_Skill_Passive_23211,58,166,168,0,,0
172,2,19,21383,1,1,3,1,68,470133,60,Icon_Skill_Passive_23211,58,166,252,0,,0
172,3,19,21383,1,1,4,1,68,470133,60,Icon_Skill_Passive_23211,58,166,336,0,,0
172,4,19,21383,1,1,5,1,68,470133,120,Icon_Skill_Passive_23211,58,166,420,0,,0
172,5,19,21383,2,2,6,0,68,470133,120,Icon_Skill_Passive_23211,58,166,504,0,,0
172,6,19,21383,2,2,7,0,68,470133,180,Icon_Skill_Passive_23211,58,166,588,0,,0
172,7,19,21383,2,2,8,0,68,470133,180,Icon_Skill_Passive_23211,58,166,672,0,,0
172,8,19,21383,3,3,9,0,68,470133,210,Icon_Skill_Passive_23211,58,166,756,0,,0
172,9,19,21383,3,3,10,0,68,470133,210,Icon_Skill_Passive_23211,58,166,840,0,,0
173,0,19,21384,1,1,1,1,68,470134,30,Icon_Skill_Passive_23251,60,166,85,0,,0
173,1,19,21384,1,1,2,1,68,470134,30,Icon_Skill_Passive_23251,60,166,170,0,,0
173,2,19,21384,1,1,3,1,68,470134,60,Icon_Skill_Passive_23251,60,166,255,0,,0
173,3,19,21384,1,1,4,1,68,470134,60,Icon_Skill_Passive_23251,60,166,340,0,,0
173,4,19,21384,1,1,5,1,68,470134,120,Icon_Skill_Passive_23251,60,166,425,0,,0
173,5,19,21384,2,2,6,0,68,470134,120,Icon_Skill_Passive_23251,60,166,510,0,,0
173,6,19,21384,2,2,7,0,68,470134,180,Icon_Skill_Passive_23251,60,166,595,0,,0
173,7,19,21384,2,2,8,0,68,470134,180,Icon_Skill_Passive_23251,60,166,680,0,,0
173,8,19,21384,3,3,9,0,68,470134,210,Icon_Skill_Passive_23251,60,166,765,0,,0
173,9,19,21384,3,3,10,0,68,470134,210,Icon_Skill_Passive_23251,60,166,850,0,,0
180,0,20,21482,1,1,1,1,67,470142,30,Icon_Skill_Passive_20232,101,166,61,0,,0
180,1,20,21482,1,1,2,1,67,470142,30,Icon_Skill_Passive_20232,101,166,122,0,,0
180,2,20,21482,1,1,3,1,67,470142,60,Icon_Skill_Passive_20232,101,166,183,0,,0
180,3,20,21482,1,1,4,1,67,470142,60,Icon_Skill_Passive_20232,101,166,244,0,,0
180,4,20,21482,1,1,5,1,67,470142,125,Icon_Skill_Passive_20232,101,166,305,0,,0
180,5,20,21482,2,2,6,0,67,470142,125,Icon_Skill_Passive_20232,101,166,366,0,,0
180,6,20,21482,2,2,7,0,67,470142,190,Icon_Skill_Passive_20232,101,166,427,0,,0
180,7,20,21482,2,2,8,0,67,470142,190,Icon_Skill_Passive_20232,101,166,488,0,,0
180,8,20,21482,3,3,9,0,67,470142,220,Icon_Skill_Passive_20232,101,166,549,0,,0
180,9,20,21482,3,3,10,0,67,470142,220,Icon_Skill_Passive_20232,101,166,610,0,,0
181,0,20,21483,1,1,1,1,67,470143,40,Icon_Skill_Passive_20233,102,166,66,0,,0
181,1,20,21483,1,1,2,1,67,470143,40,Icon_Skill_Passive_20233,102,166,132,0,,0
181,2,20,21483,1,1,3,1,67,470143,85,Icon_Skill_Passive_20233,102,166,198,0,,0
181,3,20,21483,1,1,4,1,67,470143,85,Icon_Skill_Passive_20233,102,166,264,0,,0
181,4,20,21483,1,1,5,1,67,470143,175,Icon_Skill_Passive_20233,102,166,330,0,,0
181,5,20,21483,2,2,6,0,67,470143,175,Icon_Skill_Passive_20233,102,166,396,0,,0
181,6,20,21483,2,2,7,0,67,470143,265,Icon_Skill_Passive_20233,102,166,462,0,,0
181,7,20,21483,2,2,8,0,67,470143,265,Icon_Skill_Passive_20233,102,166,528,0,,0
181,8,20,21483,3,3,9,0,67,470143,310,Icon_Skill_Passive_20233,102,166,594,0,,0
181,9,20,21483,3,3,10,0,67,470143,310,Icon_Skill_Passive_20233,102,166,660,0,,0
182,0,20,21487,1,1,1,1,67,470147,40,Icon_Skill_Passive_20231,26,166,45,0,,0
182,1,20,21487,1,1,2,1,67,470147,40,Icon_Skill_Passive_20231,26,166,90,0,,0
182,2,20,21487,1,1,3,1,67,470147,85,Icon_Skill_Passive_20231,26,166,135,0,,0
182,3,20,21487,1,1,4,1,67,470147,85,Icon_Skill_Passive_20231,26,166,180,0,,0
182,4,20,21487,1,1,5,1,67,470147,175,Icon_Skill_Passive_20231,26,166,225,0,,0
182,5,20,21487,2,2,6,0,67,470147,175,Icon_Skill_Passive_20231,26,166,270,0,,0
182,6,20,21487,2,2,7,0,67,470147,265,Icon_Skill_Passive_20231,26,166,315,0,,0
182,7,20,21487,2,2,8,0,67,470147,265,Icon_Skill_Passive_20231,26,166,360,0,,0
182,8,20,21487,3,3,9,0,67,470147,310,Icon_Skill_Passive_20231,26,166,405,0,,0
182,9,20,21487,3,3,10,0,67,470147,310,Icon_Skill_Passive_20231,26,166,450,0,,0
183,0,20,21481,1,1,1,1,68,470141,30,Icon_Skill_Active_10112,1,2,74,0,,0
183,1,20,21481,1,1,2,1,68,470141,30,Icon_Skill_Active_10112,1,2,148,0,,0
183,2,20,21481,1,1,3,1,68,470141,60,Icon_Skill_Active_10112,1,2,222,0,,0
183,3,20,21481,1,1,4,1,68,470141,60,Icon_Skill_Active_10112,1,2,296,0,,0
183,4,20,21481,1,1,5,1,68,470141,125,Icon_Skill_Active_10112,1,2,370,0,,0
183,5,20,21481,2,2,6,0,68,470141,125,Icon_Skill_Active_10112,1,2,444,0,,0
183,6,20,21481,2,2,7,0,68,470141,190,Icon_Skill_Active_10112,1,2,518,0,,0
183,7,20,21481,2,2,8,0,68,470141,190,Icon_Skill_Active_10112,1,2,592,0,,0
183,8,20,21481,3,3,9,0,68,470141,220,Icon_Skill_Active_10112,1,2,666,0,,0
183,9,20,21481,3,3,10,0,68,470141,220,Icon_Skill_Active_10112,1,2,740,0,,0
184,0,20,21484,1,1,1,1,68,470144,30,Icon_Skill_Unique_30001,21,22,76,0,,0
184,1,20,21484,1,1,2,1,68,470144,30,Icon_Skill_Unique_30001,21,22,152,0,,0
184,2,20,21484,1,1,3,1,68,470144,60,Icon_Skill_Unique_30001,21,22,228,0,,0
184,3,20,21484,1,1,4,1,68,470144,60,Icon_Skill_Unique_30001,21,22,304,0,,0
184,4,20,21484,1,1,5,1,68,470144,125,Icon_Skill_Unique_30001,21,22,380,0,,0
184,5,20,21484,2,2,6,0,68,470144,125,Icon_Skill_Unique_30001,21,22,456,0,,0
184,6,20,21484,2,2,7,0,68,470144,190,Icon_Skill_Unique_30001,21,22,532,0,,0
184,7,20,21484,2,2,8,0,68,470144,190,Icon_Skill_Unique_30001,21,22,608,0,,0
184,8,20,21484,3,3,9,0,68,470144,220,Icon_Skill_Unique_30001,21,22,684,0,,0
184,9,20,21484,3,3,10,0,68,470144,220,Icon_Skill_Unique_30001,21,22,760,0,,0
185,0,20,21485,1,1,1,1,68,470145,30,Icon_Skill_Passive_23251,60,166,105,0,,0
185,1,20,21485,1,1,2,1,68,470145,30,Icon_Skill_Passive_23251,60,166,210,0,,0
185,2,20,21485,1,1,3,1,68,470145,60,Icon_Skill_Passive_23251,60,166,315,0,,0
185,3,20,21485,1,1,4,1,68,470145,60,Icon_Skill_Passive_23251,60,166,420,0,,0
185,4,20,21485,1,1,5,1,68,470145,125,Icon_Skill_Passive_23251,60,166,525,0,,0
185,5,20,21485,2,2,6,0,68,470145,125,Icon_Skill_Passive_23251,60,166,630,0,,0
185,6,20,21485,2,2,7,0,68,470145,190,Icon_Skill_Passive_23251,60,166,735,0,,0
185,7,20,21485,2,2,8,0,68,470145,190,Icon_Skill_Passive_23251,60,166,840,0,,0
185,8,20,21485,3,3,9,0,68,470145,220,Icon_Skill_Passive_23251,60,166,945,0,,0
185,9,20,21485,3,3,10,0,68,470145,220,Icon_Skill_Passive_23251,60,166,1050,0,,0
187,0,20,21486,1,1,1,1,68,470146,30,Icon_Skill_Passive_20234,10,166,75,0,,0
187,1,20,21486,1,1,2,1,68,470146,30,Icon_Skill_Passive_20234,10,166,150,0,,0
187,2,20,21486,1,1,3,1,68,470146,60,Icon_Skill_Passive_20234,10,166,225,0,,0
187,3,20,21486,1,1,4,1,68,470146,60,Icon_Skill_Passive_20234,10,166,300,0,,0
187,4,20,21486,1,1,5,1,68,470146,125,Icon_Skill_Passive_20234,10,166,375,0,,0
187,5,20,21486,2,2,6,0,68,470146,125,Icon_Skill_Passive_20234,10,166,450,0,,0
187,6,20,21486,2,2,7,0,68,470146,190,Icon_Skill_Passive_20234,10,166,525,0,,0
187,7,20,21486,2,2,8,0,68,470146,190,Icon_Skill_Passive_20234,10,166,600,0,,0
187,8,20,21486,3,3,9,0,68,470146,220,Icon_Skill_Passive_20234,10,166,675,0,,0
187,9,20,21486,3,3,10,0,68,470146,220,Icon_Skill_Passive_20234,10,166,750,0,,0
190,0,21,30691,1,1,1,1,69,472061,20,Icon_Skill_Passive_20235,11,166,115,0,,0
190,1,21,30691,1,1,2,1,69,472061,20,Icon_Skill_Passive_20235,11,166,230,0,,0
190,2,21,30691,1,1,3,1,69,472061,35,Icon_Skill_Passive_20235,11,166,345,0,,0
190,3,21,30691,1,1,4,1,69,472061,35,Icon_Skill_Passive_20235,11,166,460,0,,0
190,4,21,30691,1,1,5,1,69,472061,75,Icon_Skill_Passive_20235,11,166,575,0,,0
190,5,21,30691,2,2,6,0,69,472061,75,Icon_Skill_Passive_20235,11,166,690,0,,0
190,6,21,30691,2,2,7,0,69,472061,145,Icon_Skill_Passive_20235,11,166,805,0,,0
190,7,21,30691,2,2,8,0,69,472061,145,Icon_Skill_Passive_20235,11,166,920,0,,0
190,8,21,30691,3,3,9,0,69,472061,240,Icon_Skill_Passive_20235,11,166,1035,0,,0
190,9,21,30691,3,3,10,0,69,472061,240,Icon_Skill_Passive_20235,11,166,1150,0,,0
191,0,21,30692,1,1,1,1,69,472062,20,Icon_Skill_Passive_21251,29,166,57,0,,0
191,1,21,30692,1,1,2,1,69,472062,20,Icon_Skill_Passive_21251,29,166,114,0,,0
191,2,21,30692,1,1,3,1,69,472062,35,Icon_Skill_Passive_21251,29,166,171,0,,0
191,3,21,30692,1,1,4,1,69,472062,35,Icon_Skill_Passive_21251,29,166,228,0,,0
191,4,21,30692,1,1,5,1,69,472062,75,Icon_Skill_Passive_21251,29,166,285,0,,0
191,5,21,30692,2,2,6,0,69,472062,75,Icon_Skill_Passive_21251,29,166,342,0,,0
191,6,21,30692,2,2,7,0,69,472062,145,Icon_Skill_Passive_21251,29,166,399,0,,0
191,7,21,30692,2,2,8,0,69,472062,145,Icon_Skill_Passive_21251,29,166,456,0,,0
191,8,21,30692,3,3,9,0,69,472062,240,Icon_Skill_Passive_21251,29,166,513,0,,0
191,9,21,30692,3,3,10,0,69,472062,240,Icon_Skill_Passive_21251,29,166,570,0,,0
192,0,21,30693,1,1,1,1,69,472063,20,Icon_Skill_Passive_20231,26,166,62,0,,0
192,1,21,30693,1,1,2,1,69,472063,20,Icon_Skill_Passive_20231,26,166,124,0,,0
192,2,21,30693,1,1,3,1,69,472063,35,Icon_Skill_Passive_20231,26,166,186,0,,0
192,3,21,30693,1,1,4,1,69,472063,35,Icon_Skill_Passive_20231,26,166,248,0,,0
192,4,21,30693,1,1,5,1,69,472063,75,Icon_Skill_Passive_20231,26,166,310,0,,0
192,5,21,30693,2,2,6,0,69,472063,75,Icon_Skill_Passive_20231,26,166,372,0,,0
192,6,21,30693,2,2,7,0,69,472063,145,Icon_Skill_Passive_20231,26,166,434,0,,0
192,7,21,30693,2,2,8,0,69,472063,145,Icon_Skill_Passive_20231,26,166,496,0,,0
192,8,21,30693,3,3,9,0,69,472063,240,Icon_Skill_Passive_20231,26,166,558,0,,0
192,9,21,30693,3,3,10,0,69,472063,240,Icon_Skill_Passive_20231,26,166,620,0,,0
200,0,22,30791,1,1,1,1,69,472071,30,Icon_Skill_Passive_20234,10,166,102,0,,0
200,1,22,30791,1,1,2,1,69,472071,30,Icon_Skill_Passive_20234,10,166,204,0,,0
200,2,22,30791,1,1,3,1,69,472071,65,Icon_Skill_Passive_20234,10,166,306,0,,0
200,3,22,30791,1,1,4,1,69,472071,65,Icon_Skill_Passive_20234,10,166,408,0,,0
200,4,22,30791,1,1,5,1,69,472071,135,Icon_Skill_Passive_20234,10,166,510,0,,0
200,5,22,30791,2,2,6,0,69,472071,135,Icon_Skill_Passive_20234,10,166,612,0,,0
200,6,22,30791,2,2,7,0,69,472071,200,Icon_Skill_Passive_20234,10,166,714,0,,0
200,7,22,30791,2,2,8,0,69,472071,200,Icon_Skill_Passive_20234,10,166,816,0,,0
200,8,22,30791,3,3,9,0,69,472071,235,Icon_Skill_Passive_20234,10,166,918,0,,0
200,9,22,30791,3,3,10,0,69,472071,235,Icon_Skill_Passive_20234,10,166,1020,0,,0
201,0,22,30792,1,1,1,1,69,472072,30,Icon_Skill_Passive_20235,11,166,134,0,,0
201,1,22,30792,1,1,2,1,69,472072,30,Icon_Skill_Passive_20235,11,166,268,0,,0
201,2,22,30792,1,1,3,1,69,472072,65,Icon_Skill_Passive_20235,11,166,402,0,,0
201,3,22,30792,1,1,4,1,69,472072,65,Icon_Skill_Passive_20235,11,166,536,0,,0
201,4,22,30792,1,1,5,1,69,472072,135,Icon_Skill_Passive_20235,11,166,670,0,,0
201,5,22,30792,2,2,6,0,69,472072,135,Icon_Skill_Passive_20235,11,166,804,0,,0
201,6,22,30792,2,2,7,0,69,472072,200,Icon_Skill_Passive_20235,11,166,938,0,,0
201,7,22,30792,2,2,8,0,69,472072,200,Icon_Skill_Passive_20235,11,166,1072,0,,0
201,8,22,30792,3,3,9,0,69,472072,235,Icon_Skill_Passive_20235,11,166,1206,0,,0
201,9,22,30792,3,3,10,0,69,472072,235,Icon_Skill_Passive_20235,11,166,1340,0,,0
202,0,22,30793,1,1,1,1,69,472073,30,Icon_Skill_Passive_21251,29,166,66,0,,0
202,1,22,30793,1,1,2,1,69,472073,30,Icon_Skill_Passive_21251,29,166,132,0,,0
202,2,22,30793,1,1,3,1,69,472073,65,Icon_Skill_Passive_21251,29,166,198,0,,0
202,3,22,30793,1,1,4,1,69,472073,65,Icon_Skill_Passive_21251,29,166,264,0,,0
202,4,22,30793,1,1,5,1,69,472073,135,Icon_Skill_Passive_21251,29,166,330,0,,0
202,5,22,30793,2,2,6,0,69,472073,135,Icon_Skill_Passive_21251,29,166,396,0,,0
202,6,22,30793,2,2,7,0,69,472073,200,Icon_Skill_Passive_21251,29,166,462,0,,0
202,7,22,30793,2,2,8,0,69,472073,200,Icon_Skill_Passive_21251,29,166,528,0,,0
202,8,22,30793,3,3,9,0,69,472073,235,Icon_Skill_Passive_21251,29,166,594,0,,0
202,9,22,30793,3,3,10,0,69,472073,235,Icon_Skill_Passive_21251,29,166,660,0,,0
210,0,23,30891,1,1,1,1,69,472081,40,Icon_Skill_Passive_23211,58,166,177,0,,0
210,1,23,30891,1,1,2,1,69,472081,40,Icon_Skill_Passive_23211,58,166,354,0,,0
210,2,23,30891,1,1,3,1,69,472081,80,Icon_Skill_Passive_23211,58,166,531,0,,0
210,3,23,30891,1,1,4,1,69,472081,80,Icon_Skill_Passive_23211,58,166,708,0,,0
210,4,23,30891,1,1,5,1,69,472081,160,Icon_Skill_Passive_23211,58,166,885,0,,0
210,5,23,30891,2,2,6,0,69,472081,160,Icon_Skill_Passive_23211,58,166,1062,0,,0
210,6,23,30891,2,2,7,0,69,472081,245,Icon_Skill_Passive_23211,58,166,1239,0,,0
210,7,23,30891,2,2,8,0,69,472081,245,Icon_Skill_Passive_23211,58,166,1416,0,,0
210,8,23,30891,3,3,9,0,69,472081,285,Icon_Skill_Passive_23211,58,166,1593,0,,0
210,9,23,30891,3,3,10,0,69,472081,285,Icon_Skill_Passive_23211,58,166,1770,0,,0
211,0,23,30892,1,1,1,1,69,472082,40,Icon_Skill_Passive_20232,101,166,101,0,,0
211,1,23,30892,1,1,2,1,69,472082,40,Icon_Skill_Passive_20232,101,166,202,0,,0
211,2,23,30892,1,1,3,1,69,472082,80,Icon_Skill_Passive_20232,101,166,303,0,,0
211,3,23,30892,1,1,4,1,69,472082,80,Icon_Skill_Passive_20232,101,166,404,0,,0
211,4,23,30892,1,1,5,1,69,472082,160,Icon_Skill_Passive_20232,101,166,505,0,,0
211,5,23,30892,2,2,6,0,69,472082,160,Icon_Skill_Passive_20232,101,166,606,0,,0
211,6,23,30892,2,2,7,0,69,472082,245,Icon_Skill_Passive_20232,101,166,707,0,,0
211,7,23,30892,2,2,8,0,69,472082,245,Icon_Skill_Passive_20232,101,166,808,0,,0
211,8,23,30892,3,3,9,0,69,472082,285,Icon_Skill_Passive_20232,101,166,909,0,,0
211,9,23,30892,3,3,10,0,69,472082,285,Icon_Skill_Passive_20232,101,166,1010,0,,0
212,0,23,30893,1,1,1,1,69,472083,40,Icon_Skill_Passive_20233,102,166,108,0,,0
212,1,23,30893,1,1,2,1,69,472083,40,Icon_Skill_Passive_20233,102,166,216,0,,0
212,2,23,30893,1,1,3,1,69,472083,80,Icon_Skill_Passive_20233,102,166,324,0,,0
212,3,23,30893,1,1,4,1,69,472083,80,Icon_Skill_Passive_20233,102,166,432,0,,0
212,4,23,30893,1,1,5,1,69,472083,160,Icon_Skill_Passive_20233,102,166,540,0,,0
212,5,23,30893,2,2,6,0,69,472083,160,Icon_Skill_Passive_20233,102,166,648,0,,0
212,6,23,30893,2,2,7,0,69,472083,245,Icon_Skill_Passive_20233,102,166,756,0,,0
212,7,23,30893,2,2,8,0,69,472083,245,Icon_Skill_Passive_20233,102,166,864,0,,0
212,8,23,30893,3,3,9,0,69,472083,285,Icon_Skill_Passive_20233,102,166,972,0,,0
212,9,23,30893,3,3,10,0,69,472083,285,Icon_Skill_Passive_20233,102,166,1080,0,,0
