Id,Name,ControlText
1202,Elven Ruins 2,
1203,@1202,
1204,@1202,
1205,@1202,
1206,Ant Nest 2,
1218,@1206,
1207,Ivory Tower Floor 1 Guide Arrow,
1208,Ivory Tower Floor 3 Guide Arrow,
1209,Ivory Tower Floor 1 Obstacle,
1210,Ivory Tower Floor 3 Obstacle,
1211,Forest of Secrets Upper Floor Guide Arrow,
1212,Forest of Secrets Lower Floor Guide Arrow 1,
1214,Forest of Secrets Slaughter Site Blockade Gadget,
1215,@1214,
1216,Gran Kain’s Sanctuary: Ivory Tower Catacomb Laboratory,Absorbing Gran Kain’s energy...
1217,Gran Kain’s Sanctuary: Forest of Secrets Slaughter Site,@1216
1219,Cruma Tower 2nd floor Arrow,
1220,Cruma Tower 3rd floor Arrow,
1221,Zaken's Ghost Ship,
1222,@1221,
211010101,Event-exclusive Cruma Tower Blockade Gadget,
211010201,Event-exclusive Cruma Tower Exit Gadget,Control System in use
82601,Event-exclusive Cruma Tower Entrance Gadget (Quests),@211010201
82701,Event-exclusive Cruma Tower Entrance Gadget,@211010201
211010301,Giant’s First Research File,Checking Giant’s Research Files...
211010401,Giant’s Second Research File,@211010301
211010501,Giant’s Third Research File,@211010301
211010601,Giant’s Fourth Research File,@211010301
211010701,Giant’s Box,Retrieving Giant’s Box...
211010801,Empty Giant’s Monster Box,You do not spot any boxes.
211010901,Fallen Hardin,Waking Hardin...
211011001,Core Floor,
211011101,Barrier Removal Device 1 - Activation,Tinkering with the power device...
211011201,Barrier Removal Device 1 - Deactivation,
211011301,Barrier Removal Device 2 - Activation,@211011101
211011401,Barrier Removal Device 2 - Deactivation,
211011501,Giant’s Fifth Research File,@211010301
211011601,Giant’s Sixth Research File,@211010301
211011701,Giant’s Seventh Research File,@211010301
211011801,Giant’s Eighth Research File,@211010301
1958,Sanctuary Wall,
1959,@1958,
1960,@1958,
1961,@1958,
1962,@1958,
1963,@1958,
1964,@1958,
1965,@1958,
1970,@1958,
1971,@1958,
1982,@1958,
2014,@1958,
2015,@1958,
2016,@1958,
2017,@1958,
2021,@1958,
2022,@1958,
2023,@1958,
2027,@1958,
2029,@1958,
2038,Red Herb,Extracting Red Herb...
2039,Blue Herb,Extracting Blue Herb...
2040,Purple Herb,Extracting Purple Herb...
2041,Yellow Herb,Extracting Yellow Herb...
2042,Unnamed Herb,Extracting Unnamed Herb...
2043,Large Red Herb,Extracting Large Red Herb...
2044,Large Blue Herb,Extracting Large Blue Herb...
2045,Large Purple Herb,Extracting Large Purple Herb...
2046,Large Yellow Herb,Extracting Large Yellow Herb...
2047,Large Unnamed Herb,Extracting Unnamed Herb...
2048,Atk. Increase,Small Atk. Increase
2049,Atk. Spd. Increase,Small Atk. Spd. Increase
2050,Def. Increase,Small Def. Increase
2051,Speed Increase,Small Speed Increase
2052,@2048,@2048
2054,@2049,@2049
2055,@2050,@2050
2057,@2051,@2051
2058,Max HP Increase,Small Max HP Increase
2059,Max MP Increase,Small Max MP Increase
2060,Crystal of Aegis,
2061,@2060,
2062,@2060,
2063,Invisible Wall,
2064,@2063,
2065,@2063,
2066,@2063,
2067,Bridge,
2068,@2067,
2069,Kresous’s Strongbox Wall,
2070,@2063,
2071,Increase Skill Damage,Slightly Increase Skill Damage
2072,Melee Damage Aura,Acquire Melee Damage Aura
2073,Water Crystal Barrier,Water Crystal Damage Immunity
2074,Party of Fury,Increase Party Atk. and Def.
2075,@2048,@2048
2076,@2049,@2049
2077,@2048,@2048
2078,@2049,@2049
2080,@2051,@2051
3001,HP Recovery,HP Recovery
3002,@2051,Speed Increase
3101,Freyja Statue,Carving Freyja Statue...
3102,@3001,@3001
3103,@3001,@3001
3104,@2051,@3002
3105,@2051,@3002
3106,Freyja Frieze,
3107,@3106,
3501,Scrimmage Arena Sanctuary,Absorbing energy from the sanctuary...
7001,Tutorial Direction Arrow: In Front of Castle Gate,
7002,Tutorial Direction Arrow: Inside Your Castle,
7003,Tutorial Direction Arrow: Starting Point,
7010,Blockade Gadget: First,
7011,Blockade Gadget: 1st Escort/Battle,
7012,Blockade Gadget: 2nd Escort/Battle,
7013,Blockade Gadget: Leg,
7014,@7013,
7015,@7013,
7016,@7013,
7017,Blockade Gadget: Marlow,
7018,@7017,
7019,Blockade Gadget: Gate Battle,
7020,@7019,
7021,Blockade Gadget: Control Tower,
7022,@7021,
30020101,Clan Dungeon Blockade: Elven Ruins,
30020301,Clan Dungeon Blockade: Ant Nest,
30020302,@30020301,
30020501,Clan Dungeon: Cruma Core Prop,
30020502,Clan Dungeon Blockade: Cruma Core,
10101,Dolmen Fragment,Picking up fragment...
10102,@10101,@10101
10103,@10101,@10101
10104,@10101,@10101
10105,@10101,@10101
10106,@10101,@10101
10107,@10101,@10101
10108,@10101,@10101
10109,@10101,@10101
10110,@10101,@10101
10111,@10101,@10101
10112,@10101,@10101
10113,@10101,@10101
10114,@10101,@10101
10115,@10101,@10101
10116,@10101,@10101
10117,@10101,@10101
10118,@10101,@10101
10119,@10101,@10101
10120,@10101,@10101
10121,@10101,@10101
10122,@10101,@10101
10123,@10101,@10101
10124,@10101,@10101
10125,@10101,@10101
10126,@10101,@10101
10127,@10101,@10101
10128,@10101,@10101
10129,@10101,@10101
10130,@10101,@10101
10131,@10101,@10101
10132,@10101,@10101
10133,@10101,@10101
10134,@10101,@10101
10135,@10101,@10101
10201,Ray of Light,
10202,@10201,
10301,Furnace,Collecting bat meat...
10401,Catnip,Pulling up catnip...
10402,@10401,@10401
10403,@10401,@10401
10404,@10401,@10401
10405,@10401,@10401
10406,@10401,@10401
10407,@10401,@10401
10408,@10401,@10401
10409,@10401,@10401
10410,@10401,@10401
10411,@10401,@10401
10412,@10401,@10401
10413,@10401,@10401
10414,@10401,@10401
10415,@10401,@10401
10416,@10401,@10401
10417,@10401,@10401
10418,@10401,@10401
10419,@10401,@10401
10420,@10401,@10401
10421,@10401,@10401
10422,@10401,@10401
10423,@10401,@10401
10501,Box Without Relic,Investigating box...
10601,Unfamiliar Cloak,Investigating cloak...
10701,Feldheim’s Bag,Investigating bag...
10901,Trapped Archaeologists,Unlocking cage...
12401,@10901,@10901
12501,@10901,@10901
11101,Iron Bars,
11102,@11101,
11103,@11101,
11104,@11101,
11201,Construction Wood,Extracting wood...
11202,@11201,@11201
11203,@11201,@11201
11204,@11201,@11201
11205,@11201,@11201
11206,@11201,@11201
11207,@11201,@11201
11208,@11201,@11201
11209,@11201,@11201
11210,@11201,@11201
11211,@11201,@11201
11212,@11201,@11201
11301,Trapped Inhabitant,@10901
12601,@11301,@10901
12701,@11301,@10901
11401,Magic Wardstone,Undoing wardstone...
11901,Elven Coronet,Taking Elven Coronet...
12001,Teleportation Stone,Using teleportation stone...
12101,Supplies,Taking supplies...
12301,@11101,
12302,@11101,
12303,@11101,
12304,@11101,
12305,@11101,
12801,Blood Ranger Application,Writing blood ranger application...
12901,Armor Box,Taking armor supplies...
13001,Stinking Barrel,Prying open the lid...
13101,Empty Prison,
13102,@13101,
13103,@13101,
13201,@13101,
13301,@13101,
13401,@13101,
13501,Invisible Wall (for Act 5 use),
13502,@13501,
13601,Act 5 Crowd Gadget,
13701,Act 5 Drillmaster Gadget,
19401,Road Blocking Gadget,
19501,@19401,
19502,@19401,
19503,@19401,
19504,@19401,
19601,Purification Device,Purifying...
19701,@12001,@12001
19801,@19601,@19601
19901,@12001,@12001
20101,Abandoned Bag,Investigating abandoned bag...
20102,@20101,@20101
20103,@20101,@20101
20104,@20101,@20101
20201,Brazier’s Fire,Lighting a fire...
20301,Ominous Cloak,@20201
20401,@10201,
20402,@10201,
20501,Piled Up Wood,Checking wood...
21901,@20501,@20501
22001,@20501,@20501
20601,Suspicious Box,Investigating box...
20901,Ember Effect,
20902,@20901,
20903,@20901,
20904,@20901,
20905,Fire,
20906,@20905,
20907,@20905,
20908,@20905,
20909,@20905,
20910,@20905,
20911,@20905,
20912,@20905,
20913,@20905,
20914,@20905,
20916,@20905,
20917,@20905,
20918,@20905,
20919,@20905,
20920,@20905,
20921,@20905,
21001,Evil Summoning Stone,Deactivating summoning stone...
21101,@21001,@21001
21201,Elven Flower,Extracting Elven flower...
21202,@21201,@21201
21203,@21201,@21201
21204,@21201,@21201
21205,@21201,@21201
21206,@21201,@21201
21207,@21201,@21201
21208,@21201,@21201
21209,@21201,@21201
21210,@21201,@21201
21301,Archaeologists’ Prison,@10901
21401,@21301,@10901
21501,@21301,@10901
21801,Guard’s Corpse,Cremating corpse...
21802,@21801,@21801
21803,@21801,@21801
21804,@21801,@21801
21805,@21801,@21801
21806,@21801,@21801
21807,@21801,@21801
21808,@21801,@21801
21809,@21801,@21801
21810,@21801,@21801
29401,@11101,
29402,@11101,
29403,@11101,
29404,@11101,
29501,@11101,
29502,@11101,
29503,@11101,
29504,@11101,
29505,@11101,
29506,@11101,
29601,@19601,@19601
29701,@12001,@12001
29801,@19601,@19601
29901,@12001,@12001
30201,Ol Mahum Weapon Box,Searching for Aymel’s sword...
30202,@30201,@30201
30203,@30201,@30201
30204,@30201,@30201
30301,Bounty,Retrieving bounty...
30302,@30301,@30301
30303,@30301,@30301
30304,@30301,@30301
30305,@30301,@30301
30306,@30301,@30301
30307,@30301,@30301
30308,@30301,@30301
30401,Suspicious Loot,Investigating bounty...
30501,Pirate Ship,
30601,Capsized Boat,
30701,Captive Townsperson,@10901
32501,Lumber,Retrieving lumber...
32502,@32501,@32501
32503,@32501,@32501
32504,@32501,@32501
32701,Einhasad’s Holy Artifact,Retrieving Holy Artifact...
32801,Rotting Plant,Investigating rotting plant...
32802,@32801,@32801
32803,@32801,@32801
32804,@32801,@32801
32901,Old Orders,Reading orders...
33101,Dark Mystic's Cauldron,Investigating the cauldron...
33201,Dirt Mound,Emptying cauldron contents...
33401,Suspicious Basement Door,Opening basement door...
33801,Captive Peddler,@10901
34001,Captive Aymel,@10901
34201,Strategy,
34202,@34201,
34203,@34201,
34501,@2038,Extracting herb...
34601,@2039,@34501
34701,@2041,@34501
34801,@2040,@34501
34901,@12001,@12001
35001,Sinister Magic Circle,
35002,@35001,
35101,Basement Steel Bars,
35102,@35101,
35201,Townsperson's Corpse,
35202,@35201,
35203,@35201,
35204,@35201,
35301,Cage,Opening cage door...
35401,Empty Cage,
35501,Ripped Ledger Page 84,Picking up Ripped Ledger Page 84...
35601,Ripped Ledger Page 7,Picking up Ripped Ledger Page 7...
35701,Ripped Ledger Page 31,Picking up Ripped Ledger Page 31...
40101,Awakening Herb,Extracting Awakening Herb...
40102,@40101,@40101
40103,@40101,@40101
40104,@40101,@40101
40105,@40101,@40101
40106,@40101,@40101
40107,@40101,@40101
40108,@40101,@40101
40109,@40101,@40101
40110,@40101,@40101
40201,Bugbear's Cage,@10901
40202,@40201,@10901
40203,@40201,@10901
40204,@40201,@10901
40205,@40201,@10901
40301,Soldier's Corpse,Collecting corpse...
40302,@40301,@40301
40303,@40301,@40301
40304,@40301,@40301
40305,@40301,@40301
40306,@40301,@40301
40307,@40301,@40301
40308,@40301,@40301
40309,@40301,@40301
40401,Soldier's Weapon,Retrieving weapon...
40402,@40401,@40401
40403,@40401,@40401
40404,@40401,@40401
40405,@40401,@40401
40406,@40401,@40401
40407,@40401,@40401
40408,@40401,@40401
40409,@40401,@40401
40601,@21001,Destroying summoning stone...
40701,@40301,@40301
40702,@40301,@40301
40703,@40301,@40301
40704,@40301,@40301
40705,@40301,@40301
40706,@40301,@40301
40707,@40301,@40301
40801,Looted Crops,Retrieving crops...
40802,@40801,@40801
40803,@40801,@40801
40804,@40801,@40801
40805,@40801,@40801
40806,@40801,@40801
40901,Dark Magic Tome,Investigating pile of books...
41001,Lizardman Bonfire,Burning Lizardman blood...
41101,@41001,@41001
41201,Kidnapped Old Man,@10901
41301,Kidnapped Woman,@10901
41401,Kidnapped Child,@10901
41501,Lizardman Totem,@20201
41701,Imprisoned Soldiers,@10901
41801,Imprisoned Commander,@10901
41901,@12901,Gathering Orc armor...
41902,@12901,@41901
41903,@12901,@41901
41904,@12901,@41901
41905,@12901,@41901
41906,@12901,@41901
42201,Captured Townsfolk,@10901
42301,Captured Guard,@10901
42401,@41501,@20201
42501,@21001,
42601,Burning Lizardman's Totem,
43101,@42601,
42701,@12001,@12001
42801,High Shaman's Brazier,Burning the blood of leaders...
42901,@41701,@10901
43201,@12001,@12001
43301,Elizabeth's Shield,
43302,@43301,
43303,@43301,
43304,@43301,
43401,Large Empty Cage,
43501,Small Empty Cage,
43601,@43401,
43801,Lieutenant Cage,
50101,Someone's Blood,
50102,@50101,
50103,@50101,
50104,@50101,
50105,@50101,
50106,@50101,
50107,@50101,
50301,Abandoned Well,Scooping up water...
50401,Detained Soldier,Opening prison...
50501,Mysterious Bone,
50502,@50501,
50503,@50501,
50504,@50501,
50505,@50501,
50506,@50501,
50507,@50501,
50508,@50501,
50509,@50501,
50510,@50501,
50511,@50501,
50512,@13101,
50513,@13101,
50514,@13101,
50515,@50501,
50516,@50501,
50517,@50501,
50518,@50501,
50519,@50501,
50520,@50501,
50521,@50501,
50522,@50501,
50523,@50501,
50524,@50501,
50525,@35301,
50526,@35301,
50527,@50501,
50528,@50501,
50529,@50501,
50530,@50501,
50531,@50501,
50532,@50501,
50533,@13101,
50534,@13101,
50535,@13101,
50536,@50501,
50537,@50501,
50538,@50501,
50539,@50501,
50540,@50501,
50541,@50501,
50542,@50501,
50543,@50501,
50544,@50501,
50545,@50501,
50546,@50501,
50547,@50501,
50548,@50501,
50601,@40301,@21801
50602,@40301,@21801
50603,@40301,@21801
50604,@40301,@21801
50605,@40301,@21801
50606,@40301,@21801
50607,@40301,@21801
50608,@40301,@21801
50609,@40301,@21801
50610,@40301,@21801
50611,@40301,@21801
50612,@40301,@21801
50613,@40301,@21801
50614,@40301,@21801
50615,@40301,@21801
50616,@40301,@21801
50617,@40301,@21801
50618,@40301,@21801
50619,@40301,@21801
50620,@40301,@21801
50621,@40301,@21801
50622,@40301,@21801
50623,@40301,@21801
50624,@40301,@21801
50701,Someone's Equipment,Retrieving equipment...
50702,@50701,@50701
50703,@50701,@50701
50704,@50701,@50701
50801,Detained Ranger Captain,@10901
50901,Ranger's Corpse,Retrieving keepsake...
50902,@50901,@50901
50903,@50901,@50901
50904,@50901,@50901
50905,@50901,@50901
51001,Intact Elven Crystal,Extracting Crystal...
51002,@51001,@51001
51003,@51001,@51001
51004,@51001,@51001
51005,@51001,@51001
51006,@51001,@51001
51007,@51001,@51001
51008,@51001,@51001
51009,@51001,@51001
51010,@51001,@51001
51011,@51001,@51001
51012,@51001,@51001
51013,@51001,@51001
51014,@51001,@51001
51015,@51001,@51001
51101,Box of Crystals,@51001
51102,@51101,@51001
51103,@51101,@51001
51104,@51101,@51001
51201,Fallen Elf Crystal,@51001
51202,@51201,@51001
51203,@51201,@51001
51204,@51201,@51001
51205,@51201,@51001
51301,@51201,@51001
51302,@51201,@51001
51303,@51201,@51001
51304,@51201,@51001
51305,@51201,@51001
51306,@51201,@51001
51307,@51201,@51001
51308,@51201,@51001
51309,@51201,@51001
51310,@51201,@51001
51311,@51201,@51001
51312,@51201,@51001
51401,Mysterious Man,Inspecting man...
51501,Blood-Red Tree,Checking Tree...
51601,Scattered Equipment,Checking books...
51602,@51601,@51601
51603,@51601,@51601
51604,@51601,@51601
51605,@51601,@51601
51606,@51601,@51601
51607,@51601,@51601
51608,@51601,@51601
51609,@51601,@51601
51610,@51601,@51601
51611,@51601,@51601
51701,@12001,Using teleportation stone...
51801,@50701,@50701
51802,@50701,@50701
51803,@50701,@50701
51804,@50701,@50701
51805,@50701,@50701
51806,@50701,@50701
51807,@50701,@50701
51808,@50701,@50701
51809,@50701,@50701
51810,@50701,@50701
51811,@50701,@50701
51812,@50701,@50701
51901,Weapon Box,Destroying equipment...
51902,@51901,@51901
51903,@51901,@51901
51904,@51901,@51901
51905,@51901,@51901
51906,@51901,@51901
51907,@51901,@51901
51908,@51901,@51901
52001,@35301,@10901
52002,@35301,@10901
52003,@35301,@10901
52004,@35301,@10901
52005,@35301,@10901
52006,@35301,@10901
52007,@35301,@10901
52008,@35301,@10901
52009,@35301,@10901
52010,@35301,@10901
52011,@35301,@10901
52012,@35301,@10901
52013,@35301,@10901
52101,@12001,@51701
52201,@13101,Checking cage...
52301,@13101,@52201
52501,@13101,@52201
52502,@13101,@52201
52503,@13101,@52201
52504,@13101,@52201
52601,@13101,@52201
52602,@13101,@52201
52603,@13101,@52201
52801,@33101,Destroying cauldron...
52901,@33101,@52801
53001,@33101,@52801
53101,Orc Signal Fire,Destroying signal fire...
53201,@51101,
53202,@51101,
53501,Vapar Summoning Stone,
53502,Vapar's Magic Circle,
54001,Hardin's Magic Circle,
54101,@10201,
54201,Mammon's Magic Circle,
54301,Block,
54302,@54301,
54303,@54301,
54304,@54301,
54601,Captive Followers,Releasing followers...
54801,Qupown's Magic Circle,
54901,Fallen Valter and Magic Circle,
55001,Treasure Which Dorothy Is Seeking,Opening treasure box...
55101,Kidnapped Townsfolk,Opening cage...
55201,Possession Looted From Varot,Taking belongings...
55301,Giant Elf’s Crystal,Collecting elven crystal...
55401,Elven Relic,Collecting relic...
55501,Imprisoned Townsfolk,@55101
55601,Cage Block,
55602,@55601,
55603,@55601,
55604,@55601,
55605,@55601,
55606,@55601,
55607,@55601,
60101,Wizard's Trace,Searching for signs...
60201,Black Magic Bag,Collecting inventory...
60401,Firewood,Collecting firewood...
60402,@60401,@60401
60403,@60401,@60401
60404,@60401,@60401
60405,@60401,@60401
60406,@60401,@60401
60407,@60401,@60401
60408,@60401,@60401
60501,Basilisk Egg,Collecting egg...
60502,@60501,@60501
60503,@60501,@60501
60504,@60501,@60501
60505,@60501,@60501
60506,@60501,@60501
60507,@60501,@60501
60508,@60501,@60501
60509,@60501,@60501
60510,@60501,@60501
60701,Tablet Fragment,Collecting tablet...
60702,@60701,@60701
60703,@60701,@60701
60704,@60701,@60701
60705,@60701,@60701
60706,@60701,@60701
60801,Incomplete Tablet,@60701
60802,@60801,@60701
60803,@60801,@60701
60804,@60801,@60701
60805,@60801,@60701
60806,@60801,@60701
60807,@60801,@60701
60901,Ivory Tower Wizard's Body,@40301
61001,Ol Mahum Corpse,@40301
61002,@61001,@40301
61003,@61001,@40301
61004,@61001,@40301
61005,@61001,@40301
61006,@61001,@40301
61007,@61001,@40301
61008,@61001,@40301
61101,Looted Food,Retrieving food...
61102,@61101,@61101
61103,@61101,@61101
61104,@61101,@61101
61105,@61101,@61101
61106,@61101,@61101
61107,@61101,@61101
61108,@61101,@61101
61201,@12001,@51701
61301,@60901,Investigating...
61401,Captive Staris,Releasing Staris...
61501,Wagon,
61502,@61501,
61601,@13101,
61901,Pile of Crates,Searching belongings...
62001,@61901,@61901
62101,@61901,@61901
62301,Broken Wagon,Repairing wagon...
62402,@61001,
62403,Weapon,
62404,@61001,
62405,@61001,
62406,@61001,
62407,@61001,
62408,@61001,
62409,@61001,
62410,@61001,
62411,@61001,
62412,@61001,
62413,@61001,
62414,@61001,
62415,@61001,
62416,@62403,
62417,@61001,
62418,@62403,
62419,@62403,
62420,@62403,
62421,@61001,
62422,@61001,
62423,@62403,
62424,@62403,
62425,@62403,
62426,@62403,
62427,@62403,
62428,@62403,
62429,@62403,
62430,@62403,
62431,@62403,
62701,Crumbled Rock,
62702,@62701,
62703,@62701,
62704,@62701,
62706,@62701,
62707,@62701,
62708,@62701,
62901,@60201,Searching inventory...
63001,@60201,@62901
63101,Dark Magic Circle,
63201,@63101,
63801,Ol Mahum Enclosure,
63901,@63801,
64001,Empty Enclosure,Trapping Ol Mahum...
64101,@64001,@64001
64201,@63801,
64301,@63801,
64401,Ol Mahum Thug,
64402,@64401,
64403,@64401,
64501,Magic Circle,Undoing magic circle’s magic...
64601,Fallen Soldier,
64602,Fallen Soldier,
64603,Fallen Soldier,
64701,Ant General’s Cave,Investigating Ant General’s cave...
64801,Shane’s Prayer,Creating a prayer copy...
64901,Shane’s Lost Scripture,Taking scripture...
65001,@60501,@60501
65101,Trade Goods For Bait,Acting like a merchant...
65201,@65101,@65101
70101,Stolen Weapon Box,Recover the Weapon Box
70102,@70101,@70101
70103,@70101,@70101
70104,@70101,@70101
70105,@70101,@70101
70201,Orc Weapon Box,Burning weapon box...
70202,@70201,@70201
70203,@70201,@70201
70204,@70201,@70201
70205,@70201,@70201
70206,@70201,@70201
70207,@70201,@70201
70301,Orc Supplies,Burning supplies...
70302,@70301,@70301
70303,@70301,@70301
70304,@70301,@70301
70401,Suspicious Letter,Investigating suspicious letter...
70501,Weathered Tree,Collecting tree sap...
70601,@35301,@10901
70701,@13101,
70801,Elf Ruin Remnants,Investigating remains...
70802,@70801,@70801
70803,@70801,@70801
70804,@70801,@70801
70901,@70801,Tidying up ruin remnants...
70902,@70801,@70901
70903,@70801,@70901
70904,@70801,@70901
70905,@70801,@70901
71001,Injured Soldier,Waking up soldier...
71101,Antidote Mushroom,Extracting mushrooms...
71102,@71101,@71101
71103,@71101,@71101
71104,@71101,@71101
71105,@71101,@71101
71106,@71101,@71101
71201,@21001,
71401,Spider Egg Sac,Destroying spider egg...
71402,@71401,@71401
71403,@71401,@71401
71404,@71401,@71401
71405,@71401,@71401
71406,@71401,@71401
71407,@71401,@71401
71501,Elven Ruins Teleportation Circle,
71601,Torch,
71602,@71601,
71603,@71601,
71604,@71601,
71701,Teleportation Stone,Using teleportation stone...
71801,Broken Pillar,
71802,@71801,
71803,@71801,
71804,@71801,
71901,Leia's Bag,Searching inventory...
80101,Beacon,Lighting a fire...
80201,@80101,@80101
80601,Torchlight,@80101
80701,@80601,@80101
80301,Research Report,Retrieving research report...
80302,@80301,@80301
80303,@80301,@80301
80304,@80301,@80301
80401,Barracks,
80501,Sheaf,Searching sheaf...
80901,Lesser Giant's Crystal,Extracting Giant's Crystal...
80902,@80901,@80901
80903,@80901,@80901
80904,@80901,@80901
80905,@80901,@80901
80906,@80901,@80901
80907,@80901,@80901
80908,@80901,@80901
80909,@80901,@80901
80910,@80901,@80901
80911,@80901,@80901
80912,@80901,@80901
81001,Giants' Relic Fragment,Retrieving Giants' Relic Fragment...
81002,@81001,@81001
81003,@81001,@81001
81004,@81001,@81001
81005,@81001,@81001
81006,@81001,@81001
81007,@81001,@81001
81101,Medicine Box,Retrieving Medicine Box...
81102,@81101,@81101
81103,@81101,@81101
81104,@81101,@81101
81105,@81101,@81101
81106,@81101,@81101
81107,@81101,@81101
81201,Relic Fragment,Retrieving Relic Fragment...
81202,@81201,@81201
81203,@81201,@81201
81204,@81201,@81201
81205,@81201,@81201
81206,@81201,@81201
81207,@81201,@81201
81301,Giant's Crystal,Retrieving Giant's Crystal...
81302,@81301,@81301
81303,@81301,@81301
81304,@81301,@81301
81305,@81301,@81301
81306,@81301,@81301
81307,@81301,@81301
81401,@81301,@81301
81402,@81301,@81301
81403,@81301,@81301
81404,@81301,@81301
81405,@81301,@81301
81406,@81301,@81301
81407,@81301,@81301
81408,@81301,@81301
81409,@81301,@81301
81410,@81301,@81301
81411,@81301,@81301
81412,@81301,@81301
81501,Poisonous Mushroom,Extracting Poisonous Mushroom...
81502,@81501,@81501
81503,@81501,@81501
81504,@81501,@81501
81505,@81501,@81501
81506,@81501,@81501
81507,@81501,@81501
81601,@12001,Going to Cruma Tower...
81701,@12001,Leaving tower...
81901,Box,Extinguishing fire...
82001,@81901,@81901
82101,@81901,@81901
82201,@81901,@81901
82401,Giant Cocoon,Searching for Hans...
82501,Marsh Lurker Lair,Picking pit...
90201,Tanor Straw Wagon,Burning wagon...
90401,Tanor Corpse,@21801
90402,@90401,@21801
90403,@90401,@21801
90404,@90401,@21801
90405,@90401,@21801
90406,@90401,@21801
90407,@90401,@21801
90408,@90401,@21801
90409,@90401,@21801
90410,@90401,@21801
90411,@90401,@21801
90412,@90401,@21801
90413,@90401,@21801
90414,@90401,@21801
90415,@90401,@21801
90416,@90401,@21801
90501,Ol Mahum Food Pile,@20201
90601,Steel Cage Holding Tanor,@10901
90801,@10301,@20201
90901,@90401,
90902,@90401,
90903,@90401,
90904,@90401,
90905,@90401,
90906,@61001,
90907,@61001,
90908,@61001,
90909,@61001,
90910,@61001,
90911,@90401,
90912,@61001,
90913,@90401,
90914,@61001,
90915,@90401,
90916,@61001,
90917,@90401,
90918,@61001,
91001,@62403,
91002,@62403,
91003,Mace,
91004,@91003,
91005,@62403,
91006,@62403,
91007,@62403,
91008,@62403,
91009,@62403,
91010,@91003,
91011,@91003,
91012,Bow,
91013,@91012,
91014,@91012,
91015,@91012,
91016,@91012,
91017,@91012,
91018,@91012,
91019,@91012,
91020,@91012,
91021,@91012,
91022,@91003,
91023,@91003,
91024,@91003,
91025,@91003,
91026,@91003,
91027,@91003,
91028,@91003,
91101,Tanor Straw Wagon's Fire,
91201,Leopard King's Trap,Opening box...
91301,Tanor Supply Box,@20201
91401,@91301,@20201
91501,@91301,@20201
91601,@90401,@40301
91602,@90401,@40301
91603,@90401,@40301
91604,@90401,@40301
91605,@90401,@40301
91606,@90401,@40301
91607,@90401,@40301
91608,@90401,@40301
91609,@90401,@40301
91610,@90401,@40301
91611,@90401,@40301
91612,@90401,@40301
91613,@90401,@40301
91614,@90401,@40301
91901,Baggage,Searching belongings...
92001,@90501,Setting fire to Food Pile...
92101,Food Pile,@92001
92401,Tanor Large Cage,@10901
92501,@13101,
92502,@13101,
92503,@13101,
92601,@90401,@21801
92602,@90401,@21801
92603,@90401,@21801
92604,@90401,@21801
92605,@90401,@21801
92701,@90401,@40301
92702,@90401,@40301
92703,@90401,@40301
92704,@90401,@40301
92705,@90401,@40301
92706,@90401,@40301
92801,@12001,@12001
92901,@35301,@10901
93101,Someone's Trail,@61301
93102,@93101,@61301
93103,@93101,@61301
93104,@93101,@61301
93105,@93101,@61301
93201,Tanor Supply Box's Fire,
93301,@93201,
93401,@93201,
93501,Hardin and Chief in Conversation,
93601,@90601,@10901
93701,@90601,@10901
93801,Steel Cage That Held Tanor,
93901,@93801,
94001,@93801,
94101,@90501,
94201,@90501,
94301,Burning Storehouse,
100101,Flower of Agony,Extracting blood-red bouquet...
100102,@100101,@100101
100103,@100101,@100101
100104,@100101,@100101
100105,@100101,@100101
100106,@100101,@100101
100107,@100101,@100101
100108,@100101,@100101
100109,@100101,@100101
100110,@100101,@100101
100111,@100101,@100101
100112,@100101,@100101
100113,@100101,@100101
100114,@100101,@100101
100201,Suspicious Tree,Investigating Suspicious Tree...
100301,Cenotaph,Offering flowers...
100401,Corrosive Weed,Picking weed...
100402,@100401,@100401
100403,@100401,@100401
100404,@100401,@100401
100405,@100401,@100401
100406,@100401,@100401
100407,@100401,@100401
100501,Wild Mandragora,Extracting Mandragora...
100502,@100501,@100501
100503,@100501,@100501
100504,@100501,@100501
100505,@100501,@100501
100506,@100501,@100501
100507,@100501,@100501
100508,@100501,@100501
100509,@100501,@100501
100510,@100501,@100501
100511,@100501,@100501
100512,@100501,@100501
100513,@100501,@100501
100514,@100501,@100501
100515,@100501,@100501
100601,Giant Wild Mandragora,Extracting Giant Mandragora...
100701,Bloody Grass,Extracting shining red grass...
100702,@100701,@100701
100703,@100701,@100701
100704,@100701,@100701
100705,@100701,@100701
100706,@100701,@100701
100707,@100701,@100701
100708,@100701,@100701
100709,@100701,@100701
100801,Excavation Traces,Investigating traces...
100901,Sleeping Willow,
100902,@100901,
100903,@100901,
100904,@100901,
101001,Einhasad’s Furnace,Burning malevolent scraps...
101101,Soulstone,Destroying Soulstone...
101201,@101101,@101101
101301,@101101,@101101
101401,Herb,@34501
101402,@101401,@34501
101403,@101401,@34501
101404,@101401,@34501
101405,@101401,@34501
101406,@101401,@34501
101407,@101401,@34501
101408,@101401,@34501
101409,@101401,@34501
101410,@101401,@34501
101411,@101401,@34501
101412,@101401,@34501
101501,@101001,@101001
101601,Dropped Clothing,@10601
101701,@101001,@101001
101801,@101001,@101001
101901,@12001,@12001
102001,@101001,@101001
102101,Einhasad’s Barrier,
102102,@102101,
102103,@102101,
102104,@102101,
102201,@101101,Spraying reagent on Soulstone...
102301,@101101,@102201
102401,Resurrection Circle,
102501,Dead Merchant,
102502,@102501,
102503,@102501,
102504,@102501,
102505,@102501,
102601,@21001,@21001
102701,@101001,@101001
102801,@102101,
102802,@102101,
102803,@102101,
102804,@102101,
102805,@102101,
102806,@102101,
102901,Roy's Ledger,Taking care of ledger...
103102,Guillotine Level Line,
103201,Guillotine_Incinerator,
103301,Guillotine_Demonic Summoning Circle,
103302,@103301,
103303,@103301,
103304,@103301,
103401,Guillotine_ Soulstone Destruction Magic Circle,
103501,@12001,@12001
103601,Guillotine Soulstone Destruction Display,
110101,Blue Luminous Plant,Extracting Blue Mana Plant...
110102,@110101,Extracting plant...
110103,@110101,@110102
110104,@110101,@110102
110105,@110101,@110102
110106,@110101,@110102
110107,@110101,@110102
110108,@110101,@110102
110201,Medicinal Plant,@34501
110202,@110201,@34501
110203,@110201,@34501
110204,@110201,@34501
110205,@110201,@34501
110206,@110201,@34501
110207,@110201,@34501
110208,@110201,@34501
110209,@110201,@34501
110210,@110201,@34501
111201,Stuff,Searching for traces...
111202,@111201,@111201
111203,@111201,@111201
111204,@111201,@111201
111205,@111201,@111201
111206,@111201,@111201
111207,@111201,@111201
111208,@111201,@111201
111209,@111201,@111201
111210,@111201,@111201
111211,@111201,@111201
111212,@111201,@111201
111213,@111201,@111201
111214,@111201,@111201
111301,Moss on Statue,Extracting moss...
111501,@12001,Teleporting...
111601,Mysterious Box,@20601
111701,Documents,Investigating Elven records...
111801,Eva's Elixir,Scooping up Eva's Elixir...
111901,@111601,@20601
112001,@2040,@2040
112002,@2040,@2040
112003,@2040,@2040
112004,@2040,@2040
112005,@2040,@2040
112006,@2040,@2040
112007,@2040,@2040
112008,@2040,@2040
112009,@2040,@2040
112010,@2040,@2040
112011,@2040,@2040
112012,@2040,@2040
112013,@2040,@2040
112014,@2040,@2040
112101,Tree Elf's Wood,Putting energy into tree...
112301,Caravan Supplies Box,@20601
112401,Tribute of Lords,Taking Tribute of Lords...
112501,Obstacle,
112502,@112501,
112503,@112501,
112504,@112501,
112505,@112501,
112506,@112501,
112507,@112501,
112508,@112501,
112509,@112501,
112510,@112501,
112511,@112501,
112512,@112501,
112513,@112501,
112514,@112501,
112515,@112501,
112516,@112501,
112517,@112501,
112518,@112501,
112519,@112501,
112520,@112501,
112521,@112501,
112522,@112501,
112523,@112501,
112524,@112501,
112525,@112501,
112526,@112501,
112527,@112501,
112601,Lizardman Steel Cage,@10901
112603,@112601,@10901
112701,Wyrm Egg,Stealing egg in secret from Wyrm...
112702,@112701,@112701
112703,@112701,@112701
112704,@112701,@112701
112705,@112701,@112701
112706,@112701,@112701
112707,@112701,@112701
112708,@112701,@112701
112801,Ownerless Cloak,Investigating fallen cloak...
113001,Looted Goods,@20601
113101,Crop,Harvesting crop...
113102,@113101,@113101
113103,@113101,@113101
113104,@113101,@113101
113105,@113101,@113101
113106,@113101,@113101
113201,Sand Flower Weed,Extracting Sand Flower...
113202,@113201,@113201
113203,@113201,@113201
113204,@113201,@113201
113205,@113201,@113201
113206,@113201,@113201
113207,@113201,@113201
113208,@113201,@113201
113301,Petrified Elf,Waking up comrade...
113401,@113301,@113301
113501,@113301,@113301
113601,Rockslide,
113602,@113601,
113603,@113601,
113701,@12001,@12001
113801,@100201,Investigating tree...
113901,@100201,@113801
114001,@100201,@113801
114101,Blood Queen,
114201,Demonic Missive,Retrieving...
114301,Administrative Document,Searching for document...
114401,@114301,@114301
114501,@114301,@114301
114601,@114301,@114301
114701,@64501,
114801,Peddler Pan's Cage,@10901
114901,Captured Chancellor Party,
115001,@13101,
115101,Flat Mushroom,Extracting Flat Mushroom....
115201,@115101,@115101
115301,@115101,@115101
115401,@115101,@115101
115501,@115101,@115101
115601,Fallen Balu,
115602,Fallen Guard,
115603,@115602,
115604,@115602,
115605,@115602,
115701,Theodore Teleportation Circle,
115801,@111701,@111701
115901,@111701,@111701
116001,@12001,@12001
116101,Kneeling Alexander,
116201,@116101,
116301,@116101,
116401,Fallen Black Smoke Alexander,
116501,Fallen Mutated Alexander,
116601,Kneeling Abelino,
116701,@12001,@12001
120101,@20101,Opening inventory...
120201,Discarded Weapon,Checking weapon...
120301,Discarded Cloak,@10601
120401,First-Aid Kit,Rummaging inside box...
120501,Archaeologist’s Backpack,@120101
120601,Archaeologist’s Cloak,@10601
120701,@120501,@120101
120801,Archaeologist’s Corpse,Cremating corpse...
120802,@120801,@120801
120803,@120801,@120801
120901,Looted Goods,Investigating pile of object...
121001,Anna's Cage,@55101
121101,Isaac's Cage,@55101
121201,Hugh's Cage,@55101
121301,@12001,
121401,Lyle's Corpse,Taking out Lyle’s fang...
121501,Ol Mahum Goods,@20201
121502,@121501,@20201
121601,Herbalist's Porridge,Tasting to see if edible...
121701,@110201,@34501
121702,@110201,@34501
121703,@110201,@34501
121704,@110201,@34501
121705,@110201,@34501
121706,@110201,@34501
121707,@110201,@34501
121708,@110201,@34501
121709,@110201,@34501
121710,@110201,@34501
121711,@110201,@34501
121903,First-Aid Herb,@34501
121904,@121903,@34501
121905,@121903,@34501
121906,@121903,@34501
121907,@121903,@34501
121908,@121903,@34501
121911,@121903,@34501
122001,Fragmented Tablet,Matching Tablet Fragment...
122101,Gnosis’s Corpse,Cremating corpse...
122201,Gnosis’s Tablet,Creating a tablet copy...
122301,Giant's Tablet,@122201
122302,@122301,@122201
122303,@122301,@122201
122304,@122301,@122201
122306,@122301,@122201
122307,@122301,@122201
122308,@122301,@122201
122309,@122301,@122201
122310,@122301,@122201
122311,@122301,@122201
122312,@122301,@122201
122313,@122301,@122201
122314,@122301,@122201
122315,@122301,@122201
122316,@122301,@122201
122401,@110101,Extracting plant sample...
122402,@110101,@122401
122403,@110101,@122401
122404,@110101,@122401
122405,@110101,@122401
122406,@110101,@122401
122407,@110101,@122401
122408,@110101,@122401
122409,@110101,@122401
122410,@110101,@122401
122411,@110101,@122401
122501,Wildflower,Picking flower...
122502,@122501,@122501
122504,@122501,@122501
122506,@122501,@122501
122507,@122501,@122501
122508,@122501,@122501
122601,@21801,@122101
122602,@21801,@122101
122603,@21801,@122101
122604,@21801,@122101
122701,Guards' Grave,Praying for departed...
122801,Merchants' Bag,@120101
122901,@122801,@120101
123001,@122301,@122201
123101,@122301,@122201
123201,@122301,@122201
123301,@122301,@122201
123401,Lesser Giant's Seal,Undoing seal...
123501,Lesser Giant's Corpse,Collecting nucleus...
123601,@123501,@123501
123701,@123501,@123501
123801,@101001,Baiting dead...
123901,Einhasad’s Furnace Fire,
124001,Beast Baiting Corpse,Baiting beasts...
124101,Ol Mahum Food Box,Stealing Ol Mahum food...
124201,Gnosis Binding Magic Circle,
130101,Cursed Box,@20601
130201,@35001,
130301,Mysterious Stone,Investigating mysterious stone...
130401,Treasure Pile,Touching Treasure Pile...
130501,Barrett's Body,Cremating corpse...
130502,@40301,@130501
130503,@40301,@130501
130504,@40301,@130501
130505,@40301,@130501
130601,Destroyed Box,Creating a place for a tomb...
130602,@130601,@130601
130603,Stone Fragment,@130601
130604,@130603,@130601
130701,Mysterious Soldier's Body,@122101
130801,Aiden's Tomb,Praying for Aiden’s soul...
130901,@81101,Searching for first-aid...
131001,@81101,@130901
131101,@81101,@130901
131201,Brotherhood Magic Circle Next to Ashear,
131202,@131201,
131203,@131201,
131204,@131201,
131401,Aiden's Burning Body,
131601,@12001,@111501
131701,Small Fire,
131801,Extinguished Bonfire,Lighting a fire on firewood...
132001,Leone,Taking will....
132201,Adventurer's Backpack,Searching inventory...
132301,Adventurer's Cloak,Checking cloak...
132401,Weapon Container,Checking the weapon’s condition...
132501,Soldier's Diary,Checking suspicious book...
132601,Advance Party Soldier's Body,Checking corpse...
132701,@132601,
132702,@132601,
132801,Soul Collector's Remains,Leaving the Abyss...
132901,Soul Teleportation Circle,
133001,@20601,Investigating the box contents...
133101,Relic Box,Taking Lesser Giant’s relic...
133201,@40301,Checking if breathing...
133301,@40301,@133201
133401,@40301,@133201
133501,Ashear's Transmutation Circle,
133601,Navigator's Safe,Searching for journal in safe...
133701,Fiery Ashear,
133801,@132901,
133901,Relic Being Sealed,
134001,@132501,@132501
134101,Captive Soldier,Rescuing soldier...
134201,Red Treasure Chest,@91201
134301,Blue Treasure Chest,@91201
134401,Black Treasure Chest,@91201
134501,@134101,@134101
134502,@134101,@134101
134601,Suspicious Black Box,Searching for skeleton...
134701,Shamong's Grave,Searching for necklace...
134702,Nix Transformation Magic Circle,
139901,Keep of Agony Remains,
139902,@139901,
139903,@139901,
139904,@139901,
139905,@139901,
139906,@139901,
139907,@139901,
139908,@139901,
139909,@139901,
139910,Keep of Agony Steel Bar,
139911,@139910,
138001,Zaken Level Line,
4020101,@138001,
140101,Aftermath of Battle,Investigating discarded weapon...
140102,@140101,@140101
140103,@140101,@140101
140104,@140101,@140101
140105,@140101,Investigating blood stain...
140106,@140101,@140105
140107,@140101,@140105
140108,@140101,@140105
140109,@140101,Investigating ripped flag...
140201,Cage Holding Jen,@55101
142501,Empty Cage that Held Jen,@55101
140301,Anesthetic Mushroom,Extracting paralyzing mushroom...
140302,@140301,@140301
140303,@140301,@140301
140304,@140301,@140301
140401,Orc Food,Putting poison in...
140501,Cage Holding Cara,@55101
140901,Empty Cage that Held Cara,@55101
140601,@12001,Using teleportation stone...
140602,@12001,@140601
140603,@12001,@140601
140701,Captured Delegation Party,Untying rope...
140801,Spirit Flower,Extracting Spirit Flower...
140802,@140801,@140801
140803,@140801,@140801
140804,@140801,@140801
140805,@140801,@140801
140806,@140801,@140801
140807,@140801,@140801
141001,@101401,@34501
141002,@101401,@34501
141003,@101401,@34501
141004,@101401,@34501
141005,@101401,@34501
141101,Elven Lamp,Lighting lamp...
141201,Elvan Lamp Fire,
141301,Sahara's Heart,Burying Sahara's Heart...
141401,@141301,@141301
141501,@141301,@141301
141601,@141301,@141301
141801,First Tablet,Cracking the code on tablet...
141901,Second Tablet,@141801
141902,Third Tablet,@141801
142001,Fourth Tablet,
142101,Dragon Egg,Collecting Dragon egg...
142102,@142101,@142101
142103,@142101,@142101
142104,@142101,@142101
142105,@142101,@142101
142106,@142101,@142101
142201,Campfire,Cooking earnestly...
142301,Dragon Bone,Collecting Dragon bone...
142302,@142301,@142301
142303,@142301,@142301
142304,@142301,@142301
142305,@142301,@142301
142401,@142101,Collecting Wyrm egg...
142402,@142101,@142401
142403,@142101,@142401
142404,@142101,@142401
142405,@142101,@142401
142406,@142101,@142401
142407,@142101,@142401
142408,@142101,@142401
142601,Treasure,Searching for Gemstone of Dimensions...
142602,@142601,@142601
142603,@142601,@142601
142801,@12001,@140601
142901,@54301,
142902,@54301,
142903,@54301,
142904,Light Block,
142905,@142904,
142906,@142904,
142907,@142904,
142908,@142904,
142909,@142904,
142910,@142904,
142911,@142904,
142912,@142904,
142913,@142904,
143101,Essence of the Protection Tree,Acquiring Essence...
143201,Celin's Body,Collecting Celin's Body...
143301,@12001,@140601
143401,@12001,@140601
143501,@143101,Imbuing essence into protection tree...
143701,Chuking,
143801,@40301,Collecting soldier's body...
143802,@40301,@143801
143803,@40301,@143801
143804,@40301,@143801
143805,@40301,@143801
143901,Pile of Books,Taking at random...
143902,@143901,@143901
144001,Flower that Bloomed in Sahara's Heart,
144101,@144001,
144201,@144001,
144301,@144001,
144401,@112701,Destroying egg...
144402,@112701,@144401
144403,@112701,@144401
144404,@112701,@144401
144405,@112701,@144401
144406,@112701,@144401
144407,@112701,@144401
144501,Left Alone Wyrm Egg,@144401
144601,Elven Inheritance,Taking inheritance....
144602,@144601,@144601
144603,@144601,@144601
144604,@144601,@144601
144605,@144601,@144601
144606,@144601,@144601
144701,Wyrm's Corpse,@20201
144801,Fire on Wyrm’s Corpse,
144901,Sting,Taking Sting...
145001,Blood King’s Corpse,
150101,Q15013: White Herb,@34501
150102,@150101,@34501
150103,@150101,@34501
150104,@150101,@34501
150105,@150101,@34501
150201,Q15015: Pedicule’s Egg,@20201
150301,Q15015: Pedicule’s Egg - Fire,
150401,Q15019: Spider Web Entangled Corpse,@133201
150501,Q15021: Saddened NPCs,
150601,Q15023: South Barracks Fire,Watering with Water Bottle...
150701,Q15023: Western Barracks Fire,@150601
150801,Q15023: Storehouse Fire,@150601
150901,Q15024: Useful Equipment,@50701
150902,@150901,@50701
150903,@150901,@50701
150904,@150901,@50701
150905,@150901,@50701
151001,Q15029: Bugbear Food,@20201
151002,@151001,@20201
151003,@151001,@20201
151101,Q15030: Not Yet Lit Orc Barrel,@20201
151201,Q15030: Lit Orc Barrel,
151301,Q15031: Empty Cage,Checking cage...
151401,Q15033: Campfire,Grilling meat...
151501,Q15035: People-filled Cage,@55101
151601,Q15035: Empty Cage,
151701,Q15037: Hemostatic Herb,Extracting hemostatic herb...
151702,@151701,@151701
151703,@151701,@151701
151704,@151701,@151701
151801,Q15040: Flower Cage - Steiner,Removing thicket...
151901,Q15040: Flower Cage - Hunter,@151801
152001,Q15041: Piladesia’s Corpse,
152101,Oren Underground Prison Permanent Steel Bars: Bars In Front of Entrance,
152102,@152101,
152103,Oren Underground Prison Permanent Steel Bars: Bars Above Entrance,
152104,@152103,
152105,@152103,
152106,Oren Underground Prison Permanent Steel Bars: Exit Below Entrance,
152107,@152106,
152108,@152106,
152109,Oren Underground Prison Permanent Steel Bars: Stair Door Below Entrance,
152110,@152109,
152111,Oren Underground Prison Permanent Steel Bars: Kate’s Cage,
152112,@152111,
152113,@152111,
152114,@152111,
152115,@152111,
152116,@152111,
152117,@152111,
152118,@152111,
152119,@152111,
152120,Oren Underground Prison Permanent Steel Bars: Aymel’s Cage,
152121,@152120,
152122,@152120,
152123,@152120,
152124,Oren Underground Prison Permanent Steel Bars: Above Aymel’s Cage,
152125,@152124,
152126,Oren Underground Prison Permanent Steel Bars: Upper Wall,
152127,@152126,
152128,@152126,
152129,@152126,
152130,@152126,
152131,@152126,
152132,@152126,
152133,@152126,
152134,Oren Underground Prison Permanent Steel Bars: Exit,
152135,Oren Underground Prison Environment Gadget: Document Desk,
152136,@152135,
152137,@152135,
152138,@152135,
152139,Oren Underground Prison Environment Gadget: Desk,
152140,@152139,
152141,@152139,
152142,Oren Underground Prison Environment Gadget: Box,
152143,@152142,
152144,@152142,
152145,@152142,
152146,@152142,
152147,Oren Underground Prison Environment Gadget: Orc Barrel,
152148,@152147,
152149,Oren Underground Prison Environment Gadget: Chair,
152150,@152149,
152151,@152149,
152152,@152149,
152153,@152149,
152154,@152149,
152155,@152149,
152156,@152149,
152157,@152149,
152201,Oren Underground Prison: Entrance Closed,Fiddling with keyhole...
152202,@152201,@152201
152301,Oren Underground Prison: Entrance Open,
152302,@152301,
152401,Oren Underground Prison: Kate Closed,Opening cage door...
152501,Oren Underground Prison: Kate Open,
152601,Oren Underground Prison: Aymel Closed,@152401
152701,Oren Underground Prison: Aymel Open,
152801,Oren Underground Prison: Stone Pile,Checking stone’s condition...
152901,Oren Underground Prison: Traces of Dig Up,Poking the ground...
153001,Oren Underground Prison: Aymel Closed - Upper,@152401
153002,@153001,@152401
153003,@153001,@152401
153101,Oren Underground Prison: Aymel Open - Upper,
153102,@153101,
153103,@153101,
153201,Oren Underground Prison Steel Bars: Exit,@152401
153301,Oren Soldier’s Insignia Box,Taking insignia...
153401,Fallen Raihel and Guard,
153501,Q15061: Cage Containing Aisa,Removing vine...
153601,Q15063: Cage Containing Guard,@153501
153701,Q15066: Oren Supply Box,Burning supplies...
153702,@153701,@153701
153703,@153701,@153701
153704,@153701,@153701
153705,@153701,@153701
153801,Q15067: Dark Magic Crystal,Destroying crystal...
153901,Q15073: Shras’s Corpse,Cutting open Shras’s stomach...
154001,Q15073: Teleportation Stone,Using Teleportation Stone...
154101,Q15075: Christine Who Uses Summon Magic,
154201,Q15079: Timak Orc Weapon and Food,@20201
154202,@154201,@20201
154203,@154201,@20201
154204,@154201,@20201
154205,@154201,@20201
154301,Q15081: Rakum’s Cage,@10901
154401,Q15081: Rakum’s Empty Cage,
154501,Q15083: Timak Orc Food Storehouse,Setting the storehouse on fire...
154601,Q15085: Caraku’s Empty Cage,
154701,Q15085: Caraku’s Cage,@10901
154801,Q15086: Caraku’s Orc Cage,@10901
154802,@154801,@10901
154803,@154801,@10901
154804,@154801,@10901
154805,@154801,@10901
154806,@154801,@10901
154807,@154801,@10901
154808,@154801,@10901
154901,Q15091: Caraku’s Orc Cage,@10901
154902,@154901,@10901
154903,@154901,@10901
154904,@154901,@10901
154905,@154901,@10901
154906,@154901,@10901
155001,Q15093: Giant’s Stone,Extracting Giant’s Crystal from corpse...
155101,Q15104: Durzel’s Empty Cage,
155201,Q15104: Durzel’s Cage,@152401
155301,Q11015101: Firewood,Breaking twig...
155302,@155301,@155301
155303,@155301,@155301
155304,@155301,@155301
155305,@155301,@155301
155306,@155301,@155301
155307,@155301,@155301
155401,Q11015103: Shayden’s Cloak,Retrieving cloak...
155501,Q11015104: Razorwind Bugbear Weapon,Stealing weapon...
155502,@155501,@155501
155503,@155501,@155501
155504,@155501,@155501
155601,Q11015104: Empty Cage 1,
155701,Q11015104: Detained Soldier 1,Breaking cage lock...
155801,Q11015104: Empty Cage 2,
155901,Q11015104: Detained Soldier 2,@155701
156001,Q11015105: Fake Francis,@122501
156101,@156001,@122501
156201,Q11015105: Real Francis,@122501
156301,Q11015106: Intact Lizardman Egg,Stealing egg...
156401,Q11015108: Bomb,@20201
156501,Q11015108: Lit Bomb,
156601,Q11015109: Weapon Box,Searching for Mace of Punishment...
156701,Q11015110: Tanor Chief’s Emblem,Inscribing the emblem of challenge...
160101,Mutated Blind Reaper Corpse,Retrieving Dark Crystal...
160102,@160101,@160101
160103,@160101,@160101
160104,@160101,@160101
160201,Corrupted Willow Corpse,@160101
160202,@160201,@160101
160203,@160201,@160101
160204,@160201,@160101
160205,@160201,@160101
160206,@160201,@160101
160207,@160201,@160101
160208,@160201,@160101
160301,Soul Harvester Corpse,@160101
160302,@160301,@160101
160303,@160301,@160101
160304,@160301,@160101
160305,@160301,@160101
160306,@160301,@160101
160401,Gigantic Walking Fungus Corpse,@160101
160501,Barrier Device Crystal Fragment,Retrieving Crystal Fragment...
160502,@160501,@160501
160503,@160501,@160501
160504,@160501,@160501
160505,@160501,@160501
160506,@160501,@160501
160507,@160501,@160501
160508,@160501,@160501
160509,@160501,@160501
160601,Dead NPC 1,
160602,Dead NPC 2,
160701,Vanquished Andre,Slowly giving water...
160801,Supply Box,Retrieving water and food...
160901,Molly,
161001,The Shaman’s Talisman,Destroying talisman...
161101,@161001,@161001
161201,@161001,@161001
161301,@161001,@161001
161401,Chronicle of Wizards,Checking record...
161501,@115701,
161601,Pan’s Handy Bag,Searching for foldable flag...
161701,Labaki’s Corpse,Pronouncing the victor’s dignity...
161801,Labaki’s Corpse With a Flag,
161901,Ukra Corpse,@161701
162001,Ukra’s Corpse With a Flag,
162101,Wardstone Flowers,Extracting wardstone flowers...
162102,@162101,@162101
162103,@162101,@162101
162104,@162101,@162101
162105,@162101,@162101
162201,Magic Circle Barrier,Imbuing strength into the Magic Circle...
162301,Magic Circle Barrier Flash,
162401,Spore Flower 1,Extracting spore flower...
162501,Spore Flower 2,@162401
162601,Spore Flower 3,@162401
162701,Parasite Mushroom,Extracting mushroom...
162702,@162701,@162701
162703,@162701,@162701
162704,@162701,@162701
162801,Crystal Covered in Spores,Skimming off spore dummy...
162802,@162801,@162801
162803,@162801,@162801
162804,@162801,@162801
162805,@162801,@162801
162806,@162801,@162801
162807,@162801,@162801
162808,@162801,@162801
162809,@162801,@162801
162901,First Device (Before Activation),Activating device...
163001,First Device (After Activation),
163101,@163001,
163201,Grotesque Mushroom,@162701
163202,@163201,@162701
163203,@163201,@162701
163204,@163201,@162701
163205,@163201,@162701
163206,@163201,@162701
163207,@163201,@162701
163301,Spore Spider Egg Ootheca,Extracting Spore Spider Eggs...
163302,@163301,@163301
163303,@163301,@163301
163304,@163301,@163301
163305,@163301,@163301
163306,@163301,@163301
163401,Second Device (Before Activation),@162901
163501,Second Device (After Activation),
163601,@163401,
163701,Toppled Wardstone,Investigating wardstone’s condition...
163801,@163701,@163701
163901,Cusher’s Food,Taking food...
164001,Molly’s Grandfather,Checking condition...
164101,Purple Dendrobium I,Extracting flower...
164201,@164101,@164101
164301,Purple Dendrobium II,@164101
164401,@164301,@164101
164501,Purple Dendrobium III,@164101
164601,@164501,@164101
164701,@12001,@140601
164801,@12001,@140601
170101,Bandit’s Bag,Searching for herb...
170201,Bandit’s Tent,@170101
170301,Bandit’s Box,@170101
170401,@12001,@71701
170501,Hamsen’s Cage,@55101
170601,Lonardo’s Cage,@55101
170701,First Bomb,Lighting a fire...
170801,First Ignition,
170802,@170801,
170803,@170801,
170901,Second Bomb,@170701
171001,Second Ignition,
171002,@171001,
171003,@171001,
171004,@171001,
171005,@171001,
171006,@171001,
171007,@171001,
171008,@171001,
171101,Third Bomb,@170701
171201,Third Ignition,
171202,@171201,
171203,@171201,
171204,@171201,
171205,@171201,
171301,Fourth Bomb,@170701
171401,Fourth Ignition,
171402,@171401,
171403,@171401,
171404,@171401,
171405,@171401,
171501,Fourth Ignition (Instance),
171502,@171501,
171503,@171501,
171504,@171501,
171505,@171501,
171601,Wagon,Opening the wagon door...
171701,@171601,Applying corrosive saliva...
171801,Wagon (Lock Open),Destroying wagon door...
171901,Medusa_Orc_Negotiation,
172001,@171901,
172101,Medusa_Orc_Orc leaves after negotiation,
172201,@171601,@171801
172301,Fallen Ivory Tower Wizard,@164001
172401,@35301,@55101
172501,@35301,@55101
172601,@35301,@55101
172701,Design Scroll,Checking scroll details...
172801,Operation Directive,Checking directive details...
172901,Blizzard,
173001,Top-grade Officer Directive,@172801
173101,Bomb,Filling bomb with sand...
173102,@173101,@173101
173103,@173101,@173101
173201,Wagon,Sabotage the bomb.
173202,@173201,@173201
173301,Elizabeth,
173302,Ivory Tower Wizard,
173401,@173301,
173501,Elizabeth Lackey,
173502,Elizabeth’s Lackey,
173503,@173302,
173601,@173302,
173701,@81101,Searching for medicine...
173801,Crystal Ball,Viewing the crystal ball’s vision...
173901,Fallen Sosa,
174001,@173901,
174101,Elder Wizard-exclusive Bag,Checking bag...
174201,Ivory Tower Teleportation Stone,Activating Teleportation Stone...
174301,Elizabeth’s Portal,
174401,@12001,Moving to lower floor...
174501,Condensed Power Core,Destroying power core...
176101,Destroyed Condensed Power Core 1,
174601,Destroyed Condensed Power Core 2,
174701,Theodore,
174801,@174701,
175001,Wizard Cage,@55101
175101,Fallen Wizard,Hold It Together! Are You Alright?!
175201,Suspicious Dark Soulstone,Investigating...
175301,Destructive Dark Soulstone,Destroying...
175401,Bomb Wagon,Moving bomb...
175501,Incense of Darkness,Sealing hair mana...
175601,Leech Drying Rack,Placing leech on drying rack...
175701,The Shaman’s Staff,Investigating staff...
175801,Oel Mahum Sword,Investigating sword...
175901,@175101,Shaking wizard...
176001,@175601,Drying...
180101,@10301,Burning powder...
180102,@10301,@180101
180201,@81101,@81101
180202,@81101,@81101
180203,@81101,@81101
180204,@81101,@81101
180205,@81101,@81101
180206,@81101,@81101
180207,@81101,@81101
180208,@81101,@81101
180209,@81101,@81101
180210,@81101,@81101
180211,@81101,@81101
180212,@81101,@81101
180213,@81101,@81101
180214,@81101,@81101
180215,@81101,@81101
180301,Tattered Oren Flag,Investigating flag...
180401,Oren Soldier's Body,Cremating corpse...
180402,@180401,@180401
180403,@180401,@180401
180404,@180401,@180401
180405,@180401,@180401
180406,@180401,@180401
180407,@180401,@180401
180408,@180401,@180401
180409,@180401,@180401
180410,@180401,@180401
180411,@180401,@180401
180412,@180401,@180401
180501,Nebulite Shard,Retrieving Nebulite Shard...
180502,@180501,@180501
180503,@180501,@180501
180504,@180501,@180501
180505,@180501,@180501
180506,@180501,@180501
180507,@180501,@180501
180508,@180501,@180501
180509,@180501,@180501
180510,@180501,@180501
180511,@180501,@180501
180512,@180501,@180501
180513,@180501,@180501
180514,@180501,@180501
180515,@180501,@180501
180516,@180501,@180501
180517,@180501,@180501
180518,@180501,@180501
180519,@180501,@180501
180520,@180501,@180501
180521,@180501,@180501
180522,@180501,@180501
180601,Magic Gem,Closing rift...
180602,@180601,@180601
180603,@180601,@180601
180604,@180601,@180601
180605,@180601,@180601
180606,@180601,@180601
180607,@180601,@180601
180608,@180601,@180601
180609,@180601,@180601
180801,@21001,@40601
10001801,Evil Summoning Stone Inner Wall,
910101,Main Gate,
910102,Audience Chamber,
910105,Gate of Fire,
910106,Gate of Water,
910108,Holy Artifact,Imprinting Holy Artifact...
910109,Altar of Fire,Imprint Altar of Fire...
910110,Altar of Water,Imprint Altar of Water...
910111,Gate to the Altar of Fire,
910112,@910111,
910113,Gate to the Altar of Water,
910114,@910113,
910115,Front Resurrection Point,
910116,Rear Resurrection Point,
910117,@910101,
910118,@910102,
910121,@910105,
910122,@910106,
910124,@910108,@910108
910125,@910109,@910109
910126,@910110,@910110
910127,@910111,
910128,@910111,
910129,@910113,
910130,@910113,
910131,@910115,
910132,@910116,
910133,@910101,
910134,@910102,
910137,@910105,
910138,@910106,
910140,@910108,@910108
910141,@910109,@910109
910142,@910110,@910110
910143,@910111,
910144,@910111,
910145,@910113,
910146,@910113,
910147,@910115,
910148,@910116,
910149,@910101,
910150,@910102,
910153,@910105,
910154,@910106,
910156,@910108,@910108
910157,@910109,@910109
910158,@910110,@910110
910159,@910111,
910160,@910111,
910161,@910113,
910162,@910113,
910163,@910115,
910164,@910116,
910165,Prepare for the Castle Siege,
910166,@910165,
910167,@910165,
910168,@910165,
910169,@910165,
910170,@910165,
910171,@910165,
910172,@910165,
910173,@910165,
910174,@910165,
910175,@910165,
910176,@910165,
910177,@910165,
910178,@910165,
910179,@910165,
910180,@910165,
910181,@910165,
910182,@910165,
910183,@910165,
910184,@910165,
920101,Blue Team Holy Artifact,@910108
920102,Red Team Holy Artifact,@910108
920103,Blue Team East Gate,
920104,Blue Team West Gate,
920105,Red Team East Gate,
920106,Red Team West Gate,
920107,Altar of Earth,Imprint Altar of Earth...
920108,Altar of Wind,Imprint Altar of Wind...
920109,@920101,@910108
920110,@920102,@910108
920111,@920103,
920112,@920104,
920113,@920105,
920114,@920106,
920115,@920107,@920107
920116,@920108,@920108
920117,@920101,@910108
920118,@920102,@910108
920119,@920103,
920120,@920104,
920121,@920105,
920122,@920106,
920123,@920107,@920107
920124,@920108,@920108
920125,@920101,@910108
920126,@920102,@910108
920127,@920103,
920128,@920104,
920129,@920105,
920130,@920106,
920131,@920107,@920107
920132,@920108,@920108
920133,@920101,@910108
920134,@920102,@910108
920135,@920103,
920136,@920104,
920137,@920105,
920138,@920106,
920139,@920107,@920107
920140,@920108,@920108
920141,@920101,@910108
920142,@920102,@910108
920143,@920103,
920144,@920104,
920145,@920105,
920146,@920106,
920147,@920107,@920107
920148,@920108,@920108
920149,@920101,@910108
920150,@920102,@910108
920151,@920103,
920152,@920104,
920153,@920105,
920154,@920106,
920155,@920107,@920107
920156,@920108,@920108
920157,@920101,@910108
920158,@920102,@910108
920159,@920103,
920160,@920104,
920161,@920105,
920162,@920106,
920163,@920107,@920107
920164,@920108,@920108
920165,@920101,@910108
920166,@920102,@910108
920167,@920103,
920168,@920104,
920169,@920105,
920170,@920106,
920171,@920107,@920107
920172,@920108,@920108
920173,@920101,@910108
920174,@920102,@910108
920175,@920103,
920176,@920104,
920177,@920105,
920178,@920106,
920179,@920107,@920107
920180,@920108,@920108
920181,@920101,@910108
920182,@920102,@910108
920183,@920103,
920184,@920104,
920185,@920105,
920186,@920106,
920187,@920107,@920107
920188,@920108,@920108
920189,@920101,@910108
920190,@920102,@910108
920191,@920103,
920192,@920104,
920193,@920105,
920194,@920106,
920195,@920107,@920107
920196,@920108,@920108
920197,@920101,@910108
920198,@920102,@910108
920199,@920103,
920200,@920104,
920201,@920105,
920202,@920106,
920203,@920107,@920107
920204,@920108,@920108
920205,@920101,@910108
920206,@920102,@910108
920207,@920103,
920208,@920104,
920209,@920105,
920210,@920106,
920211,@920107,@920107
920212,@920108,@920108
920213,@920101,@910108
920214,@920102,@910108
920215,@920103,
920216,@920104,
920217,@920105,
920218,@920106,
920219,@920107,@920107
920220,@920108,@920108
920221,@920101,@910108
920222,@920102,@910108
920223,@920103,
920224,@920104,
920225,@920105,
920226,@920106,
920227,@920107,@920107
920228,@920108,@920108
920229,@920101,@910108
920230,@920102,@910108
920231,@920103,
920232,@920104,
920233,@920105,
920234,@920106,
920235,@920107,@920107
920236,@920108,@920108
920237,@920101,@910108
920238,@920102,@910108
920239,@920103,
920240,@920104,
920241,@920105,
920242,@920106,
920243,@920107,@920107
920244,@920108,@920108
920245,@920101,@910108
920246,@920102,@910108
920247,@920103,
920248,@920104,
920249,@920105,
920250,@920106,
920251,@920107,@920107
920252,@920108,@920108
920253,@920101,@910108
920254,@920102,@910108
920255,@920103,
920256,@920104,
920257,@920105,
920258,@920106,
920259,@920107,@920107
920260,@920108,@920108
920261,@920101,@910108
920262,@920102,@910108
920263,@920103,
920264,@920104,
920265,@920105,
920266,@920106,
920267,@920107,@920107
920268,@920108,@920108
920269,@920101,@910108
920270,@920102,@910108
920271,@920103,
920272,@920104,
920273,@920105,
920274,@920106,
920275,@920107,@920107
920276,@920108,@920108
920277,@920101,@910108
920278,@920102,@910108
920279,@920103,
920280,@920104,
920281,@920105,
920282,@920106,
920283,@920107,@920107
920284,@920108,@920108
920285,@920101,@910108
920286,@920102,@910108
920287,@920103,
920288,@920104,
920289,@920105,
920290,@920106,
920291,@920107,@920107
920292,@920108,@920108
920293,Prepare for the Fortress Siege,
920294,@920293,
920295,@920293,
920296,@920293,
920297,@920293,
920298,@920293,
920299,@920293,
920300,@920293,
920301,@920293,
920302,@920293,
920303,@920293,
920304,@920293,
920305,@920293,
920306,@920293,
920307,@920293,
920308,@920293,
920309,@920293,
920310,@920293,
920311,@920293,
920312,@920293,
920313,@920293,
920314,@920293,
920315,@920293,
920316,@920293,
920317,@920293,
920318,@920293,
920319,@920293,
920320,@920293,
920321,@920293,
920322,@920293,
920323,@920293,
920324,@920293,
920325,@920293,
920326,@920293,
920327,@920293,
920328,@920293,
920329,@920293,
920330,@920293,
920331,@920293,
920332,@920293,
920333,@920293,
920334,@920293,
920335,@920293,
920336,@920293,
920337,@920293,
920338,@920293,
920339,@920293,
920340,@920293,
920341,@920293,
920342,@920293,
920343,@920293,
920344,@920293,
920345,@920293,
920346,@920293,
920347,@920293,
920348,@920293,
920349,@920293,
920350,@920293,
920351,@920293,
920352,@920293,
920353,@920293,
920354,@920293,
920355,@920293,
920356,@920293,
920357,@920293,
920358,@920293,
920359,@920293,
920360,@920293,
920361,@920293,
920362,@920293,
920363,@920293,
920364,@920293,
920365,@920293,
920366,@920293,
920367,@920293,
920368,@920293,
920369,@920293,
920370,@920293,
920371,@920293,
920372,@920293,
920373,@920293,
920374,@920293,
920375,@920293,
920376,@920293,
920377,@920293,
920378,@920293,
920379,@920293,
920380,@920293,
920381,@920293,
920382,@920293,
920383,@920293,
920384,@920293,
920385,@920293,
920386,@920293,
920387,@920293,
920388,@920293,
921101,@920101,@910108
921102,@920102,@910108
921103,@920103,
921104,@920104,
921105,@920105,
921106,@920106,
921107,@920107,@920107
921108,@920108,@920108
921109,@920293,
921110,@920293,
921111,@920293,
921112,@920293,
921113,Class Change Revision (Blue Team),Go to change class
921114,Class Change Revision (Red Team),@921113
930101,Prepare for 3 vs. 3 Honorable Battlefield,
930201,@930101,
940101,Small Feast,Dining at the small feast...
940201,Medium Feast,Dining at the medium feast...
940301,Large Feast,Dining at the large feast...
941101,Fancy Small Feast,"Dining at the fancy, small feast..."
941201,Fancy Medium Feast,"Dining at the fancy, medium feast..."
941301,Fancy Large Feast,"Dining at the fancy, large feast..."
942101,Luxurious Small Feast,"Dining at the luxurious, small feast..."
942201,Luxurious Medium Feast,"Dining at the luxurious, medium feast..."
942301,Luxurious Large Feast,"Dining at the luxurious, large feast..."
950201,Clan Hall 2nd Expansion Door (Middle),
950301,Clan Hall 3rd Expansion Door (Below),
950302,Clan Hall 3rd Expansion Door (Above),
950401,Clan Hall 4th Expansion Door (Below),
950402,Clan Hall 4th Expansion Door (Above),
999901,Sanctuary Tower,Acquiring Sanctuary Buff...
2000001,Evil Summoning Stone,Squeezing into space...
2000101,Lesser Giant Ruins Wall,
2000103,@2000101,
2000104,Lesser Giant Ruins Escape,Leaving laboratory...
2000105,Lesser Giant Ruins Arrow,
2000106,@2000101,
2000107,@2000101,
2000108,@2000101,
2000109,@2000101,
2000110,@2000101,
2000111,@2000101,
2000112,@2000101,
2000201,@2000101,
2000203,@2000101,
2000204,@2000104,@2000104
2000205,@2000105,
2000206,@2000101,
2000207,@2000101,
2000208,@2000101,
2000209,@2000101,
2000210,@2000101,
2000211,@2000101,
2000212,@2000101,
2000301,@2000101,
2000303,@2000101,
2000304,@2000104,@2000104
2000305,@2000105,
2000306,@2000101,
2000307,@2000101,
2000308,@2000101,
2000309,@2000101,
2000310,@2000101,
2000311,@2000101,
2000312,@2000101,
1001,@2038,Testing...
1002,@2039,@1001
1003,@2040,@1001
1004,@2041,@1001
100030101,Cursed Tree I,Lighting a fire to the tree...
100030201,@100030101,@100030101
100030301,@100030101,@100030101
100030401,@100030101,@100030101
100030501,@100030101,@100030101
100030601,@100030101,@100030101
100030701,Stolen Good,Searching Box...
100030801,@20601,@100030701
100040101,Luggage Bag,@62901
100040201,Weapons,Lighting a fire to Box...
100040301,@20601,@100030701
100060101,Feed-rack,Setting up the rack...
100060301,Bear Cub Enclosure,Releasing the Black Bear cub...
100060402,Bear Enclosure 2,
100060403,Team Bear,
100060501,@100060301,
100060503,Empty Bear Enclosure 2,
100060504,@100060403,
100060601,@100060301,
100060603,@100060503,
100060701,Bear Cub,Sending the bear cub to Nine...
100060801,@100060701,@100060701
100060901,@100060701,@100060701
100070101,Fallen Worker,Searching for worker...
100070201,@100070101,
100070202,@100070101,
100070203,@100070101,
100070301,Footprint,
100070401,@100070301,Investigating footprint...
100070501,Bonfire,Investigating bonfire...
100070601,@100070301,@100070401
100070602,@100070301,@100070401
100070701,@62301,
100070702,Retinue,
100070703,@100070702,
100070704,Crops,
100070705,@100070704,
100070706,@100070704,
100070801,Tony,
100070901,@64501,
100070902,@64501,
100070903,@64501,
100070904,@64501,
100071001,@64501,
100071002,@64501,
100071003,@64501,
100071004,@64501,
100080101,Arcane Magic Circle,Summoning Arcane...
100080201,@100080101,
100080202,Psy,
100080301,Liam's Magic Circle,Summoning Liam...
100080401,@100080301,
100080501,Ronde's Magic Circle,Summoning Ronde...
100080601,@100080501,
100080701,Sacred Furnace,Purifying shadow soul...
100080801,@100080701,@100080701
100090101,Meat Bait,Activating bait...
100090201,@100090101,@100090101
100090301,Phellinus Linteus,Gathering mushroom...
100090401,@100090101,@100090101
100090501,@100090101,@100090101
100090601,@100090301,@100090301
100100101,Critically Wounded Dion Soldier,Checking the soldier’s condition...
100100201,@10301,Lighting a fire to Torch...
100100301,Tree I,@100030101
100100401,Tree II,@100030101
100100501,Tree III,@100030101
100100601,Seamstress’s Magic Circle,
100100701,Flower of Sadness,
100100801,@100100701,
100110101,Disillusioning Magic Circle  I,Activating spirit-undoing Magic Circle...
100110201,Disillusioning Magic Circle  II,@100110101
100110301,Disillusioning Magic Circle  III,@100110101
100110401,Disillusioning Magic Circle  IV,@100110101
100110501,@12001,@140601
100110601,@12001,@140601
100110701,@100070501,Burning hair...
100110801,@100070501,@100110701
100130101,Pile of Supplies,Retrieving supplies...
100130201,@100130101,@100130101
100130301,@20601,@10501
100130302,@20601,@10501
100130401,@20601,@10501
100130402,@20601,@10501
100130501,Nesca,Checking Nesca’s condition...
100130601,@100130501,
100130701,Nero and Treasure Pile,
100130801,@100130701,
100140101,Basilisk Egg,Destroying egg...
100140102,@100140101,@100140101
100140103,@100140101,@100140101
100140301,Ancient Dragon Skeleton,Retrieving Skeleton...
100140401,@100140301,
100140501,Veren’s Wagon,
100140601,@100140501,
100140701,Veren’s Good,
100140801,@100140701,
100140901,@100140101,@100140101
100141001,@100140101,@100140101
100141101,@100140101,@100140101
100161501,Purification Furnace,Burning with the fire of purification...
100161601,Ancient Golem’s Traces,Ripping out the Obsidian Heart of Mana...
100161701,Crystal of Activation,Waking Jayhan’s consciousness...
100161801,Botang’s Leather Bag,Acquiring luggage bag...
100161901,Yumaeri’s Bag,Retrieving bag...
100162001,Red Purification Furnace,@100161501
100162101,Merchant’s Baggage,
100162201,@100162101,
100162301,@100162101,
100162401,Stone Near the Crystal of Activation,
100162501,@100162401,
100162601,Barrier Watchman Corpse,Gathering magic vine...
100162602,@100162601,@100162601
100162603,@100162601,@100162601
100162604,@100162601,@100162601
100162605,@100162601,@100162601
100170101,Cage of Darkness,@152401
100170201,Dark Soulstone,Investigating Soulstone...
100170301,@100170201,@101101
100170401,Dorothy’s Money Bundle,Searching Dorothy’s Money Bundle
3010001,Pirate Stronghold Main Entrance,
3010011,Tark’s Prison,Using the key to open the prison door...
3010021,@13101,
3010041,Vampire Bloodstain,Applying Vampire Bloodstains to the body...
3010042,@3010041,@3010041
3010043,@3010041,@3010041
3010044,@3010041,@3010041
3010051,@10301,Lighting a stick on fire...
3010061,Leech Phlegm,Lighting phlegm on fire...
3010071,Countess’s Boudoir Door,Opening the door with a key...
3010081,Treasure Chest: Random,Opening Treasure Chest...
3010090,Treasure Chest: Fixed,@3010081
3010084,Trisha’s Diary: Page 1,Viewing contents of the book...
3010085,Trisha’s Diary: Page 2,@3010084
3010086,Trisha’s Diary: Page 3,@3010084
3010087,Trisha’s Diary: Page 4,@3010084
3010088,Trisha’s Diary: Page 5,@3010084
3010089,Trisha’s Diary: Page 6,@3010084
3010091,Pirate’s Desk,Searching for the prison keys...
3010101,Injured Tark,
3010111,Trisha’s Letter,Reading the letter...
3010112,Zaken’s Directive,Reading the directive...
30000101,Area 1 Exit,
30000201,Area 2 Exit,Arming the bomb...
30000202,@30000201,@30000201
30000203,@30000201,@30000201
30000301,Area 3 Exit,@30000201
30000302,@30000301,
30000303,@30000301,@30000201
30000304,@30000301,
30000401,Area 4 Exit,
30000501,Sealed Altar Door,
30000601,Laenis’s Prison,@3010011
30000701,@13101,
30000801,Extinguished West Signal Fire,
30000901,Extinguished East Signal Fire,
30001001,West Signal Fire,Extinguishing the Signal Fire...
30001101,East Signal Fire,@30001001
30001201,Village Entrance Barricade,
30001401,@3010090,@3010081
30001402,@3010081,@3010081
1040001,Event Box: Magnadin,Picking lock...
1040002,@1040001,Picking lock...
1040003,@1040001,Picking lock...
1040004,@1040001,Picking lock...
1040005,@1040001,Picking lock...
1040006,@1040001,Picking lock...
1040007,@1040001,Picking lock...
1040008,@1040001,Picking lock...
1040009,@1040001,Picking lock...
1040010,@1040001,Picking lock...
